PLAYER,TEAM,AGE,DATE OF BIRTH,COUNTRY,WEIGHT,HEIGHT,POS,HANDED,CLAUSE,CAP HIT
1. Alex Ovechkin,WSH,25,"Sep. 17, 1985",Russia,107,191,LW,Right,,"$9,538,462"
2. Evgeni Malkin,PIT,24,"Jul. 31, 1986",Russia,88,191,C,Left,NMC,"$8,700,000"
3. Sidney Crosby,PIT,23,"Aug. 7, 1987",Canada,91,180,C,Left,,"$8,700,000"
4. Eric Staal,-,25,"Oct. 29, 1984",Canada,93,193,C,Left,NTC,"$8,250,000"
5. Brad Richards,-,30,"May 2, 1980",Canada,90,183,"C, LW",Left,NTC,"$7,800,000"
6. Rick Nash,-,26,"Jun. 16, 1984",Canada,96,193,"LW, RW",Left,NMC,"$7,800,000"
7. Vincent Lecavalier,-,30,"Apr. 21, 1980",Canada,98,193,"C, LW",Left,,"$7,727,272"
8. Zdeno Chara,-,33,"Mar. 18, 1977",Slovakia,113,206,LD,Left,NTC,"$7,500,000"
9. Dany Heatley,-,29,"Jan. 21, 1981",Germany,96,191,LW,Left,NMC,"$7,500,000"
10. Marián Gáborík,-,28,"Feb. 14, 1982",Slovakia,93,185,RW,Left,NTC,"$7,500,000"
11. Scott Gomez,-,30,"Dec. 23, 1979",United States,90,180,C,Left,,"$7,357,143"
12. Joe Thornton,-,31,"Jul. 2, 1979",Canada,100,193,"C, LW",Left,NTC,"$7,200,000"
13. Brian Campbell,-,31,"May 23, 1979",Canada,87,178,LD,Left,M-NTC,"$7,142,875"
14. Thomas Vanek,-,26,"Jan. 19, 1984",Austria,97,188,"LW, RW",Right,,"$7,142,857"
15. Chris Drury,-,34,"Aug. 20, 1976",United States,86,178,C,Right,,"$7,050,000"
16. Jarome Iginla,-,33,"Jul. 1, 1977",Canada,95,185,RW,Right,NMC,"$7,000,000"
17. Jason Spezza,-,27,"Jun. 13, 1983",Canada,98,191,"C, RW",Right,NMC,"$7,000,000"
18. Patrick Marleau,-,31,"Sep. 15, 1979",Canada,98,188,"LW, C",Left,NMC,"$6,900,000"
19. Henrik Lundqvist,-,28,"Mar. 2, 1982",Sweden,83,185,G,Left,,"$6,875,000"
20. Anze Kopitar,LAK,23,"Aug. 24, 1987",Slovenia,102,191,C,Left,,"$6,800,000"
21. Pavel Datsyuk,-,32,"Jul. 20, 1978",Russia,88,180,"C, LW",Left,NMC,"$6,700,000"
22. Nicklas Bäckström,WSH,22,"Nov. 23, 1987",Sweden,93,185,C,Left,,"$6,700,000"
23. Jay Bouwmeester,-,27,"Sep. 27, 1983",Canada,93,193,LD,Left,,"$6,680,000"
24. Dan Boyle,-,34,"Jul. 12, 1976",Canada,86,180,LD,Right,NTC,"$6,666,666"
25. Ilya Kovalchuk,-,27,"Apr. 15, 1983",Russia,101,191,"LW, RW",Right,,"$6,666,666"
26. Paul Stastny,-,24,"Dec. 27, 1985",Canada,88,183,"C, LW",Left,,"$6,600,000"
27. Ed Jovanovski,-,34,"Jun. 26, 1976",Canada,95,185,LD,Left,NTC,"$6,500,000"
28. Wade Redden,-,33,"Jun. 12, 1977",Canada,93,188,D,Left,,"$6,500,000"
29. Dion Phaneuf,-,25,"Apr. 10, 1985",Canada,101,193,LD,Left,,"$6,500,000"
30. Daniel Brière,-,32,"Oct. 6, 1977",Canada,79,175,C,Right,,"$6,500,000"
31. Kimmo Timonen,-,35,"Mar. 18, 1975",Finland,88,178,D,Left,NMC,"$6,333,333"
32. Cam Ward,-,26,"Feb. 29, 1984",Canada,88,185,G,Left,,"$6,300,000"
33. Jonathan Toews,-,22,"Apr. 29, 1988",Canada,91,188,C,Left,,"$6,300,000"
34. Patrick Kane,-,21,"Nov. 19, 1988",United States,80,178,RW,Left,,"$6,300,000"
35. Ryan Smyth,-,34,"Feb. 21, 1976",Canada,87,188,LW,Left,NMC,"$6,250,000"
36. Ryan Miller,-,30,"Jul. 17, 1980",United States,77,188,G,Left,M-NTC,"$6,250,000"
37. Nicklas Lidström,-,40,"Apr. 28, 1970",Sweden,87,185,D,Left,NMC,"$6,200,000"
38. Daniel Sedin,-,30,"Sep. 26, 1980",Sweden,86,185,LW,Left,NMC,"$6,100,000"
39. Henrik Sedin,-,30,"Sep. 26, 1980",Sweden,83,188,C,Left,NMC,"$6,100,000"
40. Henrik Zetterberg,-,29,"Oct. 9, 1980",Sweden,88,183,C,Left,,"$6,083,333"
41. Brian Rafalski,-,37,"Sep. 28, 1973",United States,87,178,D,Right,,"$6,000,000"
42. Jean-Sebastien Giguere,-,33,"May 16, 1977",Canada,92,185,G,Left,NTC,"$6,000,000"
43. Mike Cammalleri,-,28,"Jun. 8, 1982",Canada,84,175,"LW, C",Left,M-NTC,"$6,000,000"
44. Patrik Elias,-,34,"Apr. 13, 1976",Czech Republic,88,185,"C, LW",Left,NMC,"$6,000,000"
45. Niklas Bäckström,-,32,"Feb. 13, 1978",Finland,88,188,G,Left,,"$6,000,000"
46. Alexander Semin,-,26,"Mar. 3, 1984",Russia,95,188,"RW, LW",Right,,"$6,000,000"
47. Miikka Kiprusoff,-,33,"Oct. 26, 1976",Finland,83,185,G,Left,,"$5,833,333"
48. Bryan McCabe,-,35,"Jun. 8, 1975",Canada,100,188,D,Left,,"$5,750,000"
49. Mike Richards,-,25,"Feb. 11, 1985",Canada,89,180,C,Left,,"$5,750,000"
50. Andrei Markov,-,31,"Dec. 20, 1978",Russia,91,183,LD,Left,M-NTC,"$5,750,000"
51. Tomas Vokoun,-,34,"Jul. 2, 1976",Czech Republic,95,185,G,Right,NMC,"$5,700,000"
52. Cristobal Huet,-,35,"Sep. 3, 1975",France,97,185,G,Right,,"$5,625,000"
53. Lubomir Visnovsky,-,34,"Aug. 11, 1976",Slovakia,87,178,RD,Left,,"$5,600,000"
54. Duncan Keith,-,27,"Jul. 16, 1983",Canada,87,185,LD,Left,NMC,"$5,538,462"
55. Sergei Gonchar,-,36,"Apr. 13, 1974",Russia,95,188,LD,Left,NMC,"$5,500,000"
56. Shawn Horcoff,-,32,"Sep. 17, 1978",Canada,95,185,C,Left,NMC,"$5,500,000"
57. Phil Kessel,-,22,"Oct. 2, 1987",United States,92,183,RW,Right,,"$5,400,000"
58. Sheldon Souray,-,34,"Jul. 13, 1976",Canada,105,193,D,Left,,"$5,400,000"
59. Roberto Luongo,-,31,"Apr. 4, 1979",Canada,98,191,G,Left,NTC,"$5,333,333"
60. Corey Perry,CHI,25,"May 16, 1985",Canada,93,191,RW,Right,,"$5,325,000"
61. Ryan Getzlaf,-,25,"May 10, 1985",Canada,103,191,C,Right,,"$5,325,000"
62. Jason Pominville,-,27,"Nov. 30, 1982",Canada,82,180,RW,Right,"M-NTC, NMC","$5,300,000"
63. Marián Hossa,-,31,"Jan. 12, 1979",Slovakia,94,185,RW,Left,NMC,"$5,275,000"
64. Simon Gagne,-,30,"Feb. 29, 1980",Canada,88,185,RW,Left,NMC,"$5,250,000"
65. Mike Green,-,24,"Oct. 12, 1985",Canada,95,185,RD,Right,,"$5,250,000"
66. Martin St. Louis,-,35,"Jun. 18, 1975",Canada,82,173,RW,Left,NTC,"$5,250,000"
67. Martin Brodeur,-,38,"May 6, 1972",Canada,100,188,G,Left,NTC,"$5,200,000"
68. Bobby Ryan,-,23,"Mar. 17, 1987",United States,94,188,"RW, LW",Right,,"$5,100,000"
69. Brian Rolston,-,37,"Feb. 21, 1973",United States,97,188,LW,Left,,"$5,062,500"
70. Tim Thomas,-,36,"Apr. 15, 1974",United States,91,180,G,Left,"NTC, NMC","$5,000,000"
71. Alexei Kovalev,-,37,"Feb. 24, 1973",Russia,101,188,RW,Left,NMC,"$5,000,000"
72. Marc-André Fleury,MIN,25,"Nov. 28, 1984",Canada,84,188,G,Left,"M-NTC, NMC","$5,000,000"
73. Paul Martin,-,29,"Mar. 5, 1981",United States,91,185,LD,Left,"M-NTC, NMC","$5,000,000"
74. Brian Gionta,-,31,"Jan. 18, 1979",United States,81,170,RW,Right,NTC,"$5,000,000"
75. Tomas Plekanec,-,27,"Oct. 31, 1982",Czech Republic,86,180,C,Left,M-NTC,"$5,000,000"
76. Mike Ribeiro,-,30,"Feb. 10, 1980",Canada,81,183,C,Left,M-NTC,"$5,000,000"
77. Michal Rozsíval,-,32,"Sep. 3, 1978",Czech Republic,95,185,RD,Right,M-NTC,"$5,000,000"
78. Jeff Carter,PIT,25,"Jan. 1, 1985",Canada,99,191,"C, RW",Right,,"$5,000,000"
79. Ryan Kesler,-,26,"Aug. 31, 1984",United States,93,188,"C, RW",Right,,"$5,000,000"
80. Chris Pronger,-,35,"Oct. 10, 1974",Canada,100,198,D,Left,NMC,"$4,935,714"
81. Michael Nylander,-,37,"Oct. 3, 1972",Sweden,91,185,C,Left,,"$4,875,000"
82. Daniel Alfredsson,-,37,"Dec. 11, 1972",Sweden,92,183,RW,Right,,"$4,875,000"
83. Patrice Bergeron,-,25,"Jul. 24, 1985",Canada,88,185,C,Right,,"$4,750,000"
84. Andy McDonald,-,33,"Aug. 25, 1977",Canada,85,178,C,Left,,"$4,700,000"
85. Shane Doan,-,33,"Oct. 10, 1976",Canada,101,185,"RW, LW",Right,NMC,"$4,550,000"
86. Ryan Malone,-,30,"Dec. 1, 1979",United States,99,193,LW,Left,NMC,"$4,500,000"
87. Tim Connolly,-,29,"May 7, 1981",United States,87,185,C,Right,,"$4,500,000"
88. Jason Arnott,-,35,"Oct. 11, 1974",Canada,100,196,C,Right,NMC,"$4,500,000"
89. Ron Hainsey,-,29,"Mar. 24, 1981",United States,91,191,RD,Left,M-NTC,"$4,500,000"
90. Shea Weber,ARI,25,"Aug. 14, 1985",Canada,104,193,RD,Right,,"$4,500,000"
91. Scott Hannan,-,31,"Jan. 23, 1979",Canada,102,185,D,Left,NMC,"$4,500,000"
92. Dan Hamhuis,-,27,"Dec. 13, 1982",Canada,93,185,LD,Left,NTC,"$4,500,000"
93. Martin Erat,-,29,"Aug. 29, 1981",Czech Republic,89,183,RW,Left,NMC,"$4,500,000"
94. Jonas Hiller,-,28,"Feb. 12, 1982",Switzerland,87,188,G,Right,,"$4,500,000"
95. Rick DiPietro,-,29,"Sep. 19, 1981",United States,84,183,G,Right,,"$4,500,000"
96. David Legwand,-,30,"Aug. 17, 1980",United States,93,188,"C, LW",Left,NTC,"$4,500,000"
97. Milan Michalek,-,25,"Dec. 7, 1984",Czech Republic,102,188,"LW, RW",Left,,"$4,333,333"
98. Mike Komisarek,-,28,"Jan. 19, 1982",United States,107,193,RD,Right,,"$4,300,000"
99. Dustin Penner,-,28,"Sep. 28, 1982",Canada,112,193,RW,Left,,"$4,250,000"
100. Tomas Kaberle,-,32,"Mar. 2, 1978",Czech Republic,96,185,D,Left,NTC,"$4,250,000"
101. Martin Havlat,-,29,"Apr. 19, 1981",Czech Republic,95,188,LW,Left,,"$4,250,000"
102. Loui Eriksson,-,25,"Jul. 17, 1985",Sweden,81,188,"LW, RW",Left,,"$4,250,000"
103. Anton Volchenkov,-,28,"Feb. 25, 1982",Russia,102,188,D,Left,,"$4,250,000"
104. Joffrey Lupul,-,27,"Sep. 23, 1983",Canada,93,185,"LW, RW",Right,M-NTC,"$4,250,000"
105. David Booth,-,25,"Nov. 24, 1984",United States,96,183,LW,Left,,"$4,250,000"
106. Ilya Bryzgalov,-,30,"Jun. 22, 1980",Russia,97,191,G,Left,,"$4,250,000"
107. Eric Brewer,-,31,"Apr. 17, 1979",Canada,98,193,D,Left,NTC,"$4,250,000"
108. John-Michael Liles,-,29,"Nov. 25, 1980",United States,84,178,LD,Left,M-NTC,"$4,200,000"
109. Mike Fisher,-,30,"Jun. 5, 1980",Canada,98,185,C,Right,M-NTC,"$4,200,000"
110. Scott Hartnell,-,28,"Apr. 18, 1982",Canada,98,188,LW,Left,NTC,"$4,200,000"
111. Mark Streit,-,32,"Dec. 11, 1977",Switzerland,87,180,RD,Left,,"$4,100,000"
112. Ales Hemsky,-,27,"Aug. 13, 1983",Czech Republic,84,183,RW,Right,,"$4,100,000"
113. Brenden Morrow,-,31,"Jan. 16, 1979",Canada,96,180,LW,Left,NTC,"$4,100,000"
114. Milan Lucic,BOS,22,"Jun. 7, 1988",Canada,105,191,"LW, RW",Left,,"$4,083,333"
115. Pierre-Marc Bouchard,-,26,"Apr. 27, 1984",Canada,80,178,RW,Left,,"$4,080,000"
116. Nikolai Antropov,-,30,"Feb. 18, 1980",Kazakhstan,109,198,RW,Left,,"$4,062,500"
117. Marc Savard,-,33,"Jul. 17, 1977",Canada,87,178,C,Left,NTC,"$4,021,428"
118. Robyn Regehr,-,30,"Apr. 19, 1980",Brazil,101,191,D,Left,NMC,"$4,020,000"
119. Jean-Pierre Dumont,-,32,"Apr. 1, 1978",Canada,99,183,RW,Left,,"$4,000,000"
120. Jason Blake,-,37,"Sep. 2, 1973",United States,86,178,LW,Left,,"$4,000,000"
121. Ryan Whitney,-,27,"Feb. 19, 1983",United States,98,191,D,Left,,"$4,000,000"
122. Michal Handzus,-,33,"Mar. 11, 1977",Slovakia,98,196,C,Left,NMC,"$4,000,000"
123. Joni Pitkanen,-,27,"Sep. 19, 1983",Finland,95,191,LD,Left,,"$4,000,000"
124. Michael Ryder,-,30,"Mar. 31, 1980",Canada,91,183,RW,Right,,"$4,000,000"
125. Andrej Meszaros,-,24,"Oct. 13, 1985",Slovakia,101,188,RD,Left,,"$4,000,000"
126. Jordan Staal,CAR,22,"Sep. 10, 1988",Canada,100,193,"C, LW",Left,,"$4,000,000"
127. Tom Gilbert,-,27,"Jan. 10, 1983",United States,92,188,RD,Right,,"$4,000,000"
128. Joe Pavelski,DAL,26,"Jul. 11, 1984",United States,88,180,RW,Right,,"$4,000,000"
129. Brad Boyes,-,28,"Apr. 17, 1982",Canada,88,183,"RW, C",Right,,"$4,000,000"
130. Derek Roy,-,27,"May 4, 1983",Canada,85,175,C,Left,,"$4,000,000"
131. Marek Zidlicky,-,33,"Feb. 3, 1977",Czech Republic,86,180,RD,Right,"M-NTC, NMC","$4,000,000"
132. Zbynek Michalek,-,27,"Dec. 23, 1982",Czech Republic,95,188,RD,Right,M-NTC,"$4,000,000"
133. Nathan Horton,-,25,"May 29, 1985",Canada,104,188,RW,Right,NTC,"$4,000,000"
134. Marc Staal,PHI,23,"Jan. 13, 1987",Canada,95,193,LD,Left,,"$3,975,000"
135. Johan Franzen,-,30,"Dec. 23, 1979",Sweden,105,193,"RW, LW",Left,,"$3,954,545"
136. Dennis Wideman,-,27,"Mar. 20, 1983",Canada,92,183,RD,Right,,"$3,937,500"
137. Patrick Sharp,-,28,"Dec. 27, 1981",Canada,91,185,"LW, C",Right,,"$3,900,000"
138. Travis Zajac,-,25,"May 13, 1985",Canada,84,188,C,Right,,"$3,887,500"
139. Sean Avery,-,30,"Apr. 10, 1980",Canada,88,178,C,Left,,"$3,875,000"
140. Pavel Kubina,-,33,"Apr. 15, 1977",Czech Republic,110,193,D,Right,M-NTC,"$3,850,000"
141. Jaroslav Spacek,-,36,"Feb. 11, 1974",Czech Republic,92,180,D,Left,,"$3,833,333"
142. Pascal Leclaire,-,27,"Nov. 7, 1982",Canada,84,188,G,Left,,"$3,800,000"
143. Wojtek Wolski,-,24,"Feb. 24, 1986",Poland,97,188,RW,Left,,"$3,800,000"
144. Tuomo Ruutu,-,27,"Feb. 16, 1983",Finland,96,183,"LW, RW",Left,,"$3,800,000"
145. Francois Beauchemin,-,30,"Jun. 4, 1980",Canada,94,185,LD,Left,M-NTC,"$3,800,000"
146. Nikolai Khabibulin,-,37,"Jan. 13, 1973",Russia,96,185,G,Left,,"$3,750,000"
147. Steve Sullivan,-,36,"Jul. 6, 1974",Canada,70,173,LW,Right,NMC,"$3,750,000"
148. Jaroslav Halák,-,25,"May 13, 1985",Slovakia,84,180,G,Left,,"$3,750,000"
149. David Krejci,-,24,"Apr. 28, 1986",Czech Republic,85,183,C,Right,,"$3,750,000"
150. Brad Stuart,-,30,"Nov. 6, 1979",Canada,95,188,RD,Left,,"$3,750,000"
151. R.J. Umberger,-,28,"May 3, 1982",United States,97,188,C,Left,,"$3,750,000"
152. Kevin Bieksa,-,29,"Jun. 16, 1981",Canada,91,185,RD,Right,,"$3,750,000"
153. Brooks Orpik,-,30,"Sep. 26, 1980",United States,98,191,LD,Left,M-NTC,"$3,750,000"
154. Mike Commodore,-,30,"Nov. 7, 1979",Canada,103,193,D,Right,,"$3,750,000"
155. Antoine Vermette,-,28,"Jul. 20, 1982",Canada,90,185,"C, LW",Left,,"$3,750,000"
156. Toby Enström,-,25,"Nov. 5, 1984",Sweden,82,178,LD,Left,,"$3,750,000"
157. Chris Kunitz,-,31,"Sep. 26, 1979",Canada,85,183,"RW, LW",Left,,"$3,725,000"
158. Filip Kuba,-,33,"Dec. 29, 1976",Czech Republic,104,193,D,Left,,"$3,700,000"
159. Ryane Clowe,-,28,"Sep. 30, 1982",Canada,107,191,"LW, RW",Left,NTC,"$3,625,000"
160. Barret Jackman,-,29,"Mar. 5, 1981",Canada,92,183,LD,Left,NTC,"$3,625,000"
161. Mattias Ohlund,-,34,"Sep. 9, 1976",Sweden,106,193,LD,Left,NMC,"$3,607,142"
162. Jarret Stoll,-,28,"Jun. 24, 1982",Canada,97,185,C,Right,,"$3,600,000"
163. Brent Burns,CAR,25,"Mar. 9, 1985",Canada,104,196,RD,Right,,"$3,550,000"
164. Kari Lehtonen,-,26,"Nov. 16, 1983",Finland,86,193,G,Left,,"$3,550,000"
165. Cory Stillman,-,36,"Dec. 20, 1973",Canada,91,183,LW,Left,,"$3,533,333"
166. Sami Salo,-,36,"Sep. 2, 1974",Finland,98,191,D,Right,NTC,"$3,500,000"
167. Craig Rivet,-,36,"Sep. 13, 1974",Canada,95,188,D,Right,,"$3,500,000"
168. Matthew Lombardi,-,28,"Mar. 18, 1982",Canada,88,180,C,Left,,"$3,500,000"
169. Brent Seabrook,TBL,25,"Apr. 20, 1985",Canada,100,191,RD,Right,,"$3,500,000"
170. Ryan Suter,DAL,25,"Jan. 21, 1985",United States,93,188,LD,Left,,"$3,500,000"
171. Matt Cullen,-,33,"Nov. 2, 1976",United States,92,185,"C, LW",Left,M-NTC,"$3,500,000"
172. Nick Schultz,-,28,"Aug. 25, 1982",Canada,92,185,LD,Left,,"$3,500,000"
173. Willie Mitchell,-,33,"Apr. 23, 1977",Canada,95,191,LD,Left,,"$3,500,000"
174. Johnny Oduya,-,29,"Oct. 1, 1981",Sweden,88,183,LD,Left,,"$3,500,000"
175. Niklas Hjalmarsson,-,23,"Jun. 6, 1987",Sweden,89,191,LD/RD,Left,,"$3,500,000"
176. Justin Williams,-,28,"Oct. 4, 1981",Canada,83,185,RW,Right,,"$3,500,000"
177. Matt Stajan,-,26,"Dec. 19, 1983",Canada,88,185,C,Left,,"$3,500,000"
178. Kris Letang,PIT,23,"Apr. 24, 1987",Canada,91,183,RD,Right,,"$3,500,000"
179. Chris Phillips,-,32,"Mar. 9, 1978",Canada,97,191,LD,Left,NTC,"$3,500,000"
180. Matthew Carle,-,26,"Sep. 25, 1984",United States,89,183,LD,Left,,"$3,437,500"
181. Dainius Zubrus,-,32,"Jun. 16, 1978",Lithuania,102,196,LW,Left,,"$3,400,000"
182. Pekka Rinne,-,27,"Nov. 3, 1982",Finland,98,196,G,Left,,"$3,400,000"
183. Rob Scuderi,-,31,"Dec. 30, 1978",United States,96,185,LD,Left,,"$3,400,000"
184. Dave Bolland,-,24,"Jun. 5, 1986",Canada,83,183,C,Right,,"$3,375,000"
185. Alexander Steen,-,26,"Mar. 1, 1984",Canada,96,183,"LW, RW, C",Left,,"$3,362,500"
186. Rene Bourque,-,28,"Dec. 10, 1981",Canada,98,188,LW,Left,M-NTC,"$3,333,333"
187. Dan Girardi,-,26,"Apr. 29, 1984",Canada,96,185,RD,Right,,"$3,325,000"
188. Keith Ballard,-,27,"Nov. 26, 1982",United States,93,180,D,Left,,"$3,300,000"
189. Stephane Robidas,-,33,"Mar. 3, 1977",Canada,87,180,RD,Right,NTC,"$3,300,000"
190. Andrei Kostitsyn,-,25,"Feb. 3, 1985",Belarus,98,183,C,Left,,"$3,250,000"
191. Teemu Selanne,-,40,"Jul. 3, 1970",Finland,95,183,RW,Right,,"$3,250,000"
192. Mikko Koivu,-,27,"Mar. 12, 1983",Finland,97,191,C,Left,,"$3,250,000"
193. Dennis Seidenberg,-,29,"Jul. 18, 1981",Germany,90,183,RD,Left,M-NTC,"$3,250,000"
194. Alexander Edler,-,24,"Apr. 21, 1986",Sweden,96,191,LD,Left,,"$3,250,000"
195. James Wisniewski,-,26,"Feb. 21, 1984",United States,94,183,RD,Right,,"$3,250,000"
196. Alexei Ponikarovsky,-,30,"Apr. 9, 1980",Ukraine,104,196,LW,Left,,"$3,200,000"
197. Derick Brassard,-,23,"Sep. 22, 1987",Canada,92,185,"C, LW",Left,,"$3,200,000"
198. Braydon Coburn,-,25,"Feb. 27, 1985",Canada,101,196,LD,Left,,"$3,200,000"
199. Dustin Brown,-,25,"Nov. 4, 1984",United States,95,183,"RW, LW",Right,,"$3,175,000"
200. Rostislav Olesz,-,24,"Oct. 10, 1985",Czech Republic,98,188,LW,Left,,"$3,125,000"
201. Kyle Quincey,-,25,"Aug. 12, 1985",Canada,98,188,RD,Left,,"$3,125,000"
202. Zach Parise,-,26,"Jul. 28, 1984",United States,88,180,LW,Left,,"$3,125,000"
203. Stephen Weiss,-,27,"Apr. 3, 1983",Canada,86,180,C,Left,NMC,"$3,100,000"
204. Marc-Édouard Vlasic,SJS,23,"Mar. 30, 1987",Canada,93,185,LD/RD,Left,,"$3,100,000"
205. Christian Ehrhoff,-,28,"Jul. 6, 1982",Germany,93,188,LD,Left,,"$3,100,000"
206. Cam Barker,-,24,"Apr. 4, 1986",Canada,101,191,LD,Left,,"$3,083,333"
207. Kris Versteeg,-,24,"May 13, 1986",Canada,80,180,"LW, RW",Right,,"$3,083,333"
208. Patric Hörnqvist,-,23,"Jan. 1, 1987",Sweden,86,180,RW,Right,,"$3,083,333"
209. Colin White,-,32,"Dec. 12, 1977",Canada,100,193,LD,Left,,"$3,000,000"
210. Toni Lydman,-,33,"Sep. 25, 1977",Finland,97,188,D,Left,,"$3,000,000"
211. Ray Whitney,-,38,"May 8, 1972",Canada,82,178,LW,Right,"NTC, NMC","$3,000,000"
212. Colby Armstrong,-,27,"Nov. 23, 1982",Canada,84,188,RW,Right,,"$3,000,000"
213. Alexander Frolov,-,28,"Jun. 19, 1982",Russia,93,188,LW,Right,,"$3,000,000"
214. Niklas Hagman,-,30,"Dec. 5, 1979",Finland,93,183,LW,Left,,"$3,000,000"
215. Ales Kotalik,-,31,"Dec. 23, 1978",Czech Republic,103,185,RW,Right,NTC,"$3,000,000"
216. Niklas Kronwall,-,29,"Jan. 12, 1981",Sweden,88,183,LD,Left,,"$3,000,000"
217. Radim Vrbata,-,29,"Jun. 13, 1981",Czech Republic,88,185,RW,Right,,"$3,000,000"
218. Valtteri Filppula,-,26,"Mar. 20, 1984",Finland,86,183,"C, LW",Left,,"$3,000,000"
219. Dustin Byfuglien,-,25,"Mar. 27, 1985",United States,118,196,RD,Right,,"$3,000,000"
220. Olli Jokinen,-,31,"Dec. 5, 1978",Finland,95,188,C,Left,NMC,"$3,000,000"
221. Jordan Leopold,-,30,"Aug. 30, 1980",United States,93,185,D,Left,,"$3,000,000"
222. Ian White,-,26,"Jun. 4, 1984",Canada,87,178,D,Right,,"$2,999,995"
223. Rostislav Klesla,-,28,"Mar. 21, 1982",Czech Republic,91,191,D,Left,,"$2,975,000"
224. Steve Ott,-,28,"Aug. 19, 1982",Canada,88,183,"C, LW",Left,NTC,"$2,950,000"
225. Matt Greene,-,27,"May 13, 1983",United States,104,191,RD,Right,,"$2,950,000"
226. Erik Cole,-,31,"Nov. 6, 1978",United States,93,188,LW,Left,,"$2,900,000"
227. Bryce Salvador,-,34,"Feb. 11, 1976",Canada,98,191,D,Left,,"$2,900,000"
228. Mikhail Grabovski,-,26,"Jan. 31, 1984",Germany,84,180,"C, RW",Left,,"$2,900,000"
229. Bryan Allen,-,30,"Aug. 21, 1980",Canada,101,196,D,Left,,"$2,900,000"
230. Jiri Hudler,-,26,"Jan. 4, 1984",Czech Republic,86,178,"LW, RW",Left,,"$2,875,000"
231. James Neal,-,23,"Sep. 3, 1987",Canada,96,191,"RW, LW",Left,,"$2,875,000"
232. Chris Stewart,-,22,"Oct. 30, 1987",Canada,110,188,"RW, LW",Right,,"$2,875,000"
233. Fedor Tyutin,-,27,"Jul. 19, 1983",Russia,100,188,LD,Left,,"$2,843,750"
234. Jamie Langenbrunner,-,35,"Jul. 24, 1975",United States,93,185,RW,Right,,"$2,800,000"
235. Daniel Cleary,-,31,"Dec. 18, 1978",Canada,93,185,RW,Left,NTC,"$2,800,000"
236. Derek Morris,-,32,"Aug. 24, 1978",Canada,95,183,D,Right,M-NTC,"$2,750,000"
237. Carey Price,MTL,23,"Aug. 16, 1987",Canada,98,191,G,Left,,"$2,750,000"
238. Tim Gleason,-,27,"Jan. 29, 1983",United States,98,183,D,Left,,"$2,750,000"
239. Jeff Schultz,-,24,"Feb. 25, 1986",Canada,102,198,LD,Left,,"$2,750,000"
240. David Clarkson,-,26,"Mar. 31, 1984",Canada,91,183,RW,Right,,"$2,666,667"
241. Niclas Wallin,-,35,"Feb. 20, 1975",Sweden,100,191,D,Left,NTC,"$2,650,000"
242. Samuel Pahlsson,-,32,"Dec. 17, 1977",Sweden,94,180,C,Left,,"$2,650,000"
243. Erik Johnson,BUF,22,"Mar. 21, 1988",United States,102,193,RD,Right,,"$2,600,000"
244. Tomas Fleischmann,-,26,"May 16, 1984",Czech Republic,87,185,LW,Left,,"$2,600,000"
245. Mason Raymond,-,25,"Sep. 17, 1985",Canada,81,185,LW,Left,,"$2,550,000"
246. Mikael Samuelsson,-,33,"Dec. 23, 1976",Sweden,99,188,RW,Right,,"$2,500,000"
247. Guillaume Latendresse,-,23,"May 24, 1987",Canada,105,188,LW,Left,,"$2,500,000"
248. Douglas Murray,-,30,"Mar. 12, 1980",Sweden,111,191,D,Left,,"$2,500,000"
249. Manny Malhotra,-,30,"May 18, 1980",Canada,94,188,C,Left,M-NTC,"$2,500,000"
250. David Backes,-,26,"May 1, 1984",United States,98,191,"C, RW",Right,,"$2,500,000"
251. Vaclav Prospal,-,35,"Feb. 17, 1975",Czech Republic,90,188,LW,Left,,"$2,480,000"
252. Matt Moulson,-,26,"Nov. 1, 1983",Canada,91,185,LW,Left,,"$2,450,000"
253. Bryan Little,ARI,22,"Nov. 12, 1987",Canada,87,183,"C, RW",Right,,"$2,383,333"
254. Nikolai Kulemin,-,24,"Jul. 14, 1986",Russia,102,185,"LW, RW",Left,,"$2,350,000"
255. Andrew Ladd,-,24,"Dec. 12, 1985",Canada,87,191,LW,Left,,"$2,350,000"
256. Antti Miettinen,-,30,"Jul. 3, 1980",Finland,84,183,RW,Right,,"$2,333,333"
257. Brent Sopel,-,33,"Jan. 7, 1977",Canada,93,188,D,Right,,"$2,333,333"
258. Chuck Kobasew,-,28,"Apr. 17, 1982",Canada,90,183,RW,Right,,"$2,333,333"
259. Jim Vandermeer,-,30,"Feb. 21, 1980",Canada,96,185,LD,Left,,"$2,300,000"
260. Paul Gaustad,-,28,"Feb. 3, 1982",United States,103,196,"C, LW",Left,,"$2,300,000"
261. Trevor Daley,-,26,"Oct. 9, 1983",Canada,90,180,RD,Left,,"$2,300,000"
262. Ryan Callahan,-,25,"Mar. 21, 1985",United States,85,178,RW,Right,,"$2,300,000"
263. Sam Gagner,EDM,21,"Aug. 10, 1989",Canada,91,180,"RW, C",Right,,"$2,275,000"
264. Hal Gill,-,35,"Apr. 6, 1975",United States,113,201,D,Left,,"$2,250,000"
265. Joe Corvo,-,33,"Jun. 20, 1977",United States,95,185,D,Right,,"$2,250,000"
266. Scottie Upshall,-,26,"Oct. 7, 1983",Canada,91,183,LW,Left,,"$2,250,000"
267. Andrew Ference,-,31,"Mar. 17, 1979",Canada,85,180,RD,Left,,"$2,250,000"
268. Mike Smith,-,28,"Mar. 22, 1982",Canada,100,196,G,Left,,"$2,200,000"
269. Eric Fehr,-,25,"Sep. 7, 1985",Canada,95,193,"C, RW",Right,,"$2,200,000"
270. Blake Wheeler,NYR,24,"Aug. 31, 1986",United States,102,196,"RW, C",Right,,"$2,200,000"
271. David Perron,DET,22,"May 28, 1988",Canada,91,183,"RW, LW",Right,,"$2,150,000"
272. Chris Kelly,-,29,"Nov. 11, 1980",Canada,88,183,"C, LW",Left,,"$2,125,000"
273. Carlo Colaiacovo,-,27,"Jan. 27, 1983",Canada,91,185,LD,Left,,"$2,125,000"
274. Shaone Morrisonn,-,27,"Dec. 23, 1982",Canada,95,193,LD,Left,,"$2,075,000"
275. Brooks Laich,-,27,"Jun. 23, 1983",Canada,95,188,"C, LW",Left,,"$2,066,667"
276. Andy Sutton,-,35,"Mar. 10, 1975",Canada,111,198,D,Left,,"$2,062,500"
277. Steven Reinprecht,-,34,"May 7, 1976",Canada,88,183,C,Left,,"$2,050,000"
278. Trent Hunter,-,30,"Jul. 5, 1980",Canada,100,191,RW,Right,,"$2,000,000"
279. Nikolai Zherdev,-,25,"Nov. 5, 1984",Ukraine,99,185,LW,Right,,"$2,000,000"
280. Peter Mueller,-,22,"Apr. 14, 1988",United States,95,188,C,Right,,"$2,000,000"
281. Steve Bernier,-,25,"Mar. 31, 1985",Canada,100,191,RW,Right,,"$2,000,000"
282. Jan Hejda,-,32,"Jun. 18, 1978",Czech Republic,95,191,D,Left,,"$2,000,000"
283. Antti Niemi,-,27,"Aug. 29, 1983",Finland,95,188,G,Left,,"$2,000,000"
284. Alexandre Burrows,-,29,"Apr. 11, 1981",Canada,89,185,"RW, LW",Left,,"$2,000,000"
285. Chris Neil,-,31,"Jun. 18, 1979",Canada,98,185,RW,Right,,"$2,000,000"
286. Anton Strålman,-,24,"Aug. 1, 1986",Sweden,84,180,RD,Right,,"$1,950,000"
287. Todd Bertuzzi,-,35,"Feb. 2, 1975",Canada,104,191,RW,Left,NTC,"$1,937,500"
288. Greg Zanon,-,30,"Jun. 5, 1980",Canada,93,180,D,Left,,"$1,933,333"
289. Lee Stempniak,-,27,"Feb. 4, 1983",United States,88,180,RW,Right,,"$1,900,000"
290. Drew Stafford,-,24,"Oct. 30, 1985",United States,98,188,"RW, LW",Right,,"$1,900,000"
291. Johnny Boychuk,-,26,"Jan. 19, 1984",Canada,103,188,RD,Right,,"$1,875,000"
292. Jason Chimera,-,31,"May 2, 1979",Canada,98,191,"LW, RW",Left,,"$1,875,000"
293. Gilbert Brule,-,23,"Jan. 1, 1987",Canada,82,178,C,Right,,"$1,850,000"
294. Chris Mason,-,34,"Apr. 20, 1976",Canada,92,183,G,Left,,"$1,850,000"
295. Brandon Dubinsky,-,24,"Apr. 29, 1986",United States,94,188,"C, LW",Left,,"$1,850,000"
296. Steve Downie,-,23,"Apr. 3, 1987",Canada,87,180,"RW, LW",Right,,"$1,850,000"
297. Alex Goligoski,MIN,25,"Jul. 30, 1985",United States,84,180,LD/RD,Left,,"$1,833,333"
298. Craig Anderson,-,29,"May 21, 1981",United States,84,188,G,Left,,"$1,812,500"
299. Kurtis Foster,-,28,"Nov. 24, 1981",Canada,100,196,D,Right,,"$1,800,000"
300. Devin Setoguchi,-,23,"Jan. 1, 1987",Canada,93,183,RW,Right,,"$1,800,000"
301. Matt Cooke,-,32,"Sep. 7, 1978",Canada,98,180,LW,Left,M-NTC,"$1,800,000"
302. Martin Hanzal,-,23,"Feb. 20, 1987",Czech Republic,104,198,C,Left,,"$1,800,000"
303. Jonathan Quick,NYR,24,"Jan. 21, 1986",United States,98,185,G,Left,,"$1,800,000"
304. Kurt Sauer,-,29,"Jan. 16, 1981",United States,100,193,D,Left,,"$1,750,000"
305. Chad Larose,-,28,"Mar. 27, 1982",United States,82,178,"RW, LW",Right,,"$1,700,000"
306. Kent Huskins,-,31,"May 4, 1979",Canada,93,193,D,Left,,"$1,700,000"
307. Matt Walker,-,30,"Apr. 7, 1980",Canada,100,193,D,Right,,"$1,700,000"
308. Alex Tanguay,-,30,"Nov. 21, 1979",Canada,86,183,"LW, RW",Left,NMC,"$1,700,000"
309. Jussi Jokinen,-,27,"Apr. 1, 1983",Finland,90,180,"LW, RW",Left,,"$1,700,000"
310. Mark Stuart,-,26,"Apr. 27, 1984",United States,98,188,LD,Left,,"$1,675,000"
311. Derek Boogaard,-,Deceased (28),"Jun. 23, 1982",Canada,120,201,LW,Left,,"$1,625,000"
312. Nicklas Grossmann,-,25,"Jan. 22, 1985",Sweden,104,193,LD,Left,,"$1,625,000"
313. Chris Higgins,-,27,"Jun. 2, 1983",United States,92,183,LW,Left,,"$1,600,000"
314. Shane O'Brien,-,27,"Aug. 9, 1983",Canada,105,191,LD,Left,,"$1,600,000"
315. Steve Montador,-,Deceased (35),"Dec. 21, 1979",Canada,95,183,D,Right,,"$1,550,000"
316. Michael Leighton,-,29,"May 19, 1981",Canada,84,191,G,Left,,"$1,550,000"
317. Radek Martinek,-,34,"Aug. 31, 1976",Czech Republic,93,183,RD,Right,,"$1,500,000"
318. Dan Ellis,-,30,"Jun. 19, 1980",Canada,88,183,G,Left,,"$1,500,000"
319. Matt Niskanen,-,23,"Dec. 6, 1986",United States,92,185,RD,Right,,"$1,500,000"
320. Joel Ward,-,29,"Dec. 2, 1980",Canada,102,185,RW,Right,,"$1,500,000"
321. Travis Moen,-,28,"Apr. 6, 1982",Canada,98,188,"LW, RW",Left,,"$1,500,000"
322. Brett Lebda,-,28,"Jan. 15, 1982",United States,88,178,LW,Left,,"$1,450,000"
323. Matt Hunwick,-,25,"May 21, 1985",United States,88,180,LD,Left,,"$1,450,000"
324. Jay McClement,-,27,"Mar. 2, 1983",Canada,93,185,C,Left,,"$1,450,000"
325. Jack Johnson,COL,23,"Jan. 13, 1987",United States,103,185,LD,Left,,"$1,425,000"
326. Chris Osgood,-,37,"Nov. 26, 1972",Canada,81,178,G,Left,,"$1,416,667"
327. Anton Babchuk,-,26,"May 6, 1984",Ukraine,91,196,RD,Right,,"$1,400,000"
328. Chris Campoli,-,26,"Jul. 9, 1984",Canada,89,183,LD,Left,,"$1,400,000"
329. Cal Clutterbuck,NYI,22,"Nov. 18, 1987",Canada,98,180,RW,Right,,"$1,400,000"
330. Eric Nystrom,-,27,"Feb. 14, 1983",United States,88,185,"LW, RW",Left,,"$1,400,000"
331. Pascal Dupuis,-,31,"Apr. 7, 1979",Canada,93,185,"RW, LW",Left,,"$1,400,000"
332. Karlis Skrastins,-,Deceased (37),"Jul. 9, 1974",Latvia,93,188,D,Left,,"$1,375,000"
333. Torrey Mitchell,-,25,"Jan. 30, 1985",Canada,86,180,"C, RW",Right,,"$1,366,667"
334. Francis Bouillon,-,34,"Oct. 17, 1975",United States,88,173,LD,Left,,"$1,350,000"
335. Jonas Gustavsson,-,25,"Oct. 24, 1984",Sweden,91,193,G,Left,,"$1,350,000"
336. Kevin Klein,-,25,"Dec. 13, 1984",Canada,93,185,RD,Right,,"$1,350,000"
337. Benoit Pouliot,-,24,"Sep. 29, 1986",Canada,91,191,LW,Left,,"$1,350,000"
338. Rich Peverley,-,28,"Jul. 8, 1982",Canada,91,183,C,Right,,"$1,325,000"
339. Jarkko Ruutu,-,35,"Aug. 23, 1975",Finland,92,185,LW,Left,,"$1,300,000"
340. Ladislav Smid,-,24,"Feb. 1, 1986",Czech Republic,95,193,LD,Left,,"$1,300,000"
341. Kris Russell,-,23,"May 2, 1987",Canada,77,178,LD/RD,Left,,"$1,300,000"
342. David Moss,-,28,"Dec. 28, 1981",United States,95,193,RW,Right,,"$1,300,000"
343. Mike Modano,-,40,"Jun. 7, 1970",United States,96,191,C,Left,,"$1,250,000"
344. Jordin Tootoo,-,27,"Feb. 2, 1983",Canada,88,175,RW,Right,,"$1,250,000"
345. Tuukka Rask,-,23,"Mar. 10, 1987",Finland,80,191,G,Left,,"$1,250,000"
346. John Erskine,-,30,"Jun. 26, 1980",Canada,100,193,D,Left,,"$1,250,000"
347. Peter Budaj,-,28,"Sep. 18, 1982",Slovakia,89,185,G,Left,,"$1,250,000"
348. Petr Prucha,-,28,"Sep. 14, 1982",Czech Republic,78,178,"RW, LW",Right,,"$1,200,000"
349. Mathieu Garon,-,32,"Jan. 9, 1978",Canada,92,185,G,Right,,"$1,200,000"
350. Josh Harding,-,26,"Jun. 18, 1984",Canada,88,188,G,Right,,"$1,200,000"
351. Scott Clemmensen,-,33,"Jul. 23, 1977",United States,91,188,G,Left,,"$1,200,000"
352. Tomas Kopecky,-,28,"Feb. 5, 1982",Slovakia,95,191,RW,Left,,"$1,200,000"
353. Curtis Glencross,-,27,"Dec. 28, 1982",Canada,89,185,LW,Left,,"$1,200,000"
354. Nick Foligno,CHI,22,"Oct. 31, 1987",United States,94,183,"LW, C, RW",Left,,"$1,200,000"
355. Keith Yandle,-,24,"Sep. 9, 1986",United States,87,185,LD,Left,,"$1,200,000"
356. Rob Niedermayer,-,35,"Dec. 28, 1974",Canada,91,188,"C, RW",Left,,"$1,150,000"
357. Marty Reasoner,-,33,"Feb. 26, 1977",United States,89,185,C,Left,,"$1,150,000"
358. Kyle Brodziak,-,26,"May 25, 1984",Canada,93,188,C,Right,,"$1,150,000"
359. Adam Burish,-,27,"Jan. 6, 1983",United States,86,185,RW,Right,,"$1,150,000"
360. Ondrej Pavelec,-,23,"Aug. 31, 1987",Czech Republic,98,188,G,Left,,"$1,150,000"
361. Steve Eminger,-,26,"Oct. 31, 1983",Canada,94,188,D,Right,,"$1,125,000"
362. Jody Shelley,-,34,"Feb. 7, 1976",Canada,103,193,LW,Left,,"$1,100,000"
363. David Steckel,-,28,"Mar. 15, 1982",United States,101,196,C,Left,,"$1,100,000"
364. Josh Gorges,-,26,"Aug. 14, 1984",Canada,93,185,LD,Left,,"$1,100,000"
365. Gregory Campbell,-,26,"Dec. 17, 1983",Canada,89,183,"C, LW",Left,,"$1,100,000"
366. Dominic Moore,-,30,"Aug. 3, 1980",Canada,87,183,"C, LW",Left,,"$1,100,000"
367. Vernon Fiddler,-,30,"May 9, 1980",Canada,93,180,"C, LW",Left,,"$1,100,000"
368. Roman Polák,-,24,"Apr. 28, 1986",Czech Republic,109,188,RD,Right,,"$1,100,000"
369. Clarke MacArthur,-,25,"Apr. 6, 1985",Canada,88,183,LW,Left,,"$1,100,000"
370. Daniel Paille,-,26,"Apr. 15, 1984",Canada,91,185,LW,Left,,"$1,075,000"
371. Daniel Carcillo,-,25,"Jan. 28, 1985",Canada,91,183,LW,Left,,"$1,075,000"
372. Jeff DesLauriers,-,26,"May 15, 1984",Canada,92,193,G,Right,,"$1,050,000"
373. Andrew Alberts,-,29,"Jun. 30, 1981",United States,100,193,D,Left,,"$1,050,000"
374. Maxime Talbot,-,26,"Feb. 11, 1984",Canada,86,180,"C, LW",Left,,"$1,050,000"
375. Cody McLeod,-,26,"Jun. 26, 1984",Canada,93,188,"LW, RW",Left,,"$1,033,333"
376. Troy Brouwer,-,25,"Aug. 17, 1985",Canada,97,191,"LW, RW",Right,,"$1,025,000"
377. Marc Methot,-,25,"Jun. 21, 1985",Canada,104,193,LD,Left,,"$1,012,500"
378. Matt Bradley,-,32,"Jun. 13, 1978",Canada,91,191,"RW, LW",Right,,"$1,000,000"
379. Johan Hedberg,-,37,"May 5, 1973",Sweden,86,183,G,Left,NTC,"$1,000,000"
380. Brad Lukowich,-,34,"Aug. 12, 1976",Canada,91,185,D,Left,,"$1,000,000"
381. Alex Auld,-,29,"Jan. 7, 1981",Canada,97,193,G,Left,,"$1,000,000"
382. Milan Jurcina,-,27,"Jun. 7, 1983",Slovakia,114,193,D,Right,,"$1,000,000"
383. John Madden,-,37,"May 4, 1973",Canada,86,180,C,Left,,"$1,000,000"
384. Patrick Rissmiller,-,31,"Oct. 26, 1978",United States,95,191,LW,Left,,"$1,000,000"
385. Mark Recchi,-,42,"Feb. 1, 1968",Canada,88,178,RW,Left,NTC,"$1,000,000"
386. Adam Foote,-,39,"Jul. 10, 1971",Canada,103,188,RD,Right,NTC,"$1,000,000"
387. Marc-Andre Bergeron,-,29,"Oct. 13, 1980",Canada,86,175,D,Left,,"$1,000,000"
388. Raffi Torres,-,28,"Oct. 8, 1981",Canada,94,183,LW,Left,,"$1,000,000"
389. Mark Fistric,-,24,"Jun. 1, 1986",Canada,102,188,D,Left,,"$1,000,000"
390. Peter Regin,-,24,"Apr. 16, 1986",Denmark,86,188,C,Left,,"$1,000,000"
391. Jason LaBarbera,-,30,"Jan. 18, 1980",Canada,102,191,G,Left,,"$1,000,000"
392. Colton Orr,-,28,"Mar. 3, 1982",Canada,101,191,RW,Right,,"$1,000,000"
393. Peter Forsberg,-,37,"Jul. 20, 1973",Sweden,93,183,C,Left,NMC,"$1,000,000"
394. Jim Slater,-,27,"Dec. 9, 1982",United States,86,183,C,Left,,"$1,000,000"
395. Andrej Sekera,-,24,"Jun. 8, 1986",Slovakia,88,183,LD/RD,Left,,"$1,000,000"
396. Andrew Cogliano,COL,23,"Jun. 14, 1987",Canada,79,178,LW,Left,,"$1,000,000"
397. Ryan Jones,-,26,"Jun. 14, 1984",Canada,93,183,LW,Right,,"$975,000"
398. Ben Eager,-,26,"Jan. 22, 1984",Canada,103,188,LW,Left,,"$965,000"
399. Daniel Winnik,-,25,"Mar. 6, 1985",Canada,93,188,C,Left,,"$950,000"
400. Ryan O'Byrne,-,26,"Jul. 19, 1984",Canada,106,196,D,Right,,"$941,667"
401. Ryan Parent,-,23,"Mar. 17, 1987",Canada,90,191,D,Left,,"$925,000"
402. Erik Christensen,-,26,"Dec. 17, 1983",Canada,91,185,C,Left,,"$925,000"
403. Tom Kostopoulos,-,31,"Jan. 24, 1979",Canada,89,183,"RW, LW",Right,,"$916,667"
404. Darren Helm,-,23,"Jan. 21, 1987",Canada,87,183,"C, LW, RW",Left,,"$912,500"
405. Patrick Kaleta,-,24,"Jun. 8, 1986",United States,90,185,RW,Right,,"$907,500"
406. Stephane Da Costa,-,21,"Jul. 11, 1989",France,81,180,"C, RW",Right,,"$900,000"
407. Mikko Koskinen,-,22,"Jul. 18, 1988",Finland,92,201,G,Left,,"$900,000"
408. Bill Sweatt,-,22,"Sep. 21, 1988",United States,90,183,LW,Left,,"$900,000"
409. Niclas Bergfors,-,23,"Mar. 7, 1987",Sweden,88,178,RW,Right,,"$900,000"
410. Alexander Burmistrov,-,18,"Oct. 21, 1991",Russia,82,185,"C, RW",Left,,"$900,000"
411. Andy Miele,-,22,"Apr. 15, 1988",United States,79,175,C,Left,,"$900,000"
412. Jonathan Ericsson,-,26,"Mar. 2, 1984",Sweden,99,193,LD,Left,,"$900,000"
413. Cory Schneider,-,24,"Mar. 18, 1986",United States,91,191,G,Left,,"$900,000"
414. Jacob Josefson,-,19,"Mar. 2, 1991",Sweden,86,183,"C, LW",Left,,"$900,000"
415. Nino Niederreiter,WPG,18,"Sep. 8, 1992",Switzerland,99,188,"LW, RW",Left,,"$900,000"
416. Jordan Schroeder,-,20,"Sep. 29, 1990",United States,80,175,"C, RW",Right,,"$900,000"
417. Nick Leddy,STL,19,"Mar. 20, 1991",United States,94,183,LD,Left,,"$900,000"
418. Calvin De Haan,TBL,19,"May 9, 1991",Canada,88,185,LD/RD,Left,,"$900,000"
419. John Tavares,TOR,20,"Sep. 20, 1990",Canada,98,185,"C, LW",Left,,"$900,000"
420. Evander Kane,EDM,19,"Aug. 2, 1991",Canada,95,188,"LW, RW",Left,,"$900,000"
421. Jeff Skinner,BUF,18,"May 16, 1992",Canada,88,180,"LW, RW",Left,,"$900,000"
422. Mike Weaver,-,32,"May 2, 1978",Canada,84,178,D,Right,,"$900,000"
423. Matt Duchene,DAL,19,"Jan. 16, 1991",Canada,88,180,"RW, C",Left,,"$900,000"
424. Brayden Schenn,STL,19,"Aug. 22, 1991",Canada,91,185,"C, LW",Left,,"$900,000"
425. Christopher Tanev,CGY,20,"Dec. 20, 1989",Canada,89,188,RD,Right,,"$900,000"
426. Brandon Gormley,-,18,"Feb. 18, 1992",Canada,89,188,LD,Left,,"$900,000"
427. Oliver Ekman-Larsson,FLA,19,"Jul. 17, 1991",Sweden,91,188,LD,Left,,"$900,000"
428. Zack Kassian,-,19,"Jan. 24, 1991",Canada,96,191,RW,Right,,"$900,000"
429. Brad Richardson,-,25,"Feb. 4, 1985",Canada,86,183,C,Left,,"$900,000"
430. Magnus Pääjärvi,-,19,"Apr. 12, 1991",Sweden,93,191,"LW, RW",Left,,"$900,000"
431. Bobby Butler,-,23,"Apr. 26, 1987",United States,86,183,RW,Right,,"$900,000"
432. Dmitry Kulikov,FLA,19,"Oct. 29, 1990",Russia,90,185,LD/RD,Left,,"$900,000"
433. Casey Wellman,-,22,"Oct. 18, 1987",United States,78,183,C,Right,,"$900,000"
434. Marcus Johansson,MIN,19,"Oct. 6, 1990",Sweden,93,185,"LW, RW",Left,,"$900,000"
435. Sergei Bobrovsky,FLA,22,"Sep. 20, 1988",Russia,85,188,G,Left,,"$900,000"
436. Ryan Johansen,COL,18,"Jul. 31, 1992",Canada,99,191,"C, RW",Right,,"$900,000"
437. David Rundblad,-,19,"Oct. 8, 1990",Sweden,85,188,RD,Right,,"$900,000"
438. Louis Leblanc,-,19,"Jan. 26, 1991",Canada,82,183,C,Right,,"$900,000"
439. Mats Zuccarello,MIN,23,"Sep. 1, 1987",Norway,81,173,"RW, LW",Left,,"$900,000"
440. Philippe Paradis,-,19,"Jan. 2, 1991",Canada,93,188,C,Left,,"$900,000"
441. Scott Glennie,-,19,"Feb. 22, 1991",Canada,91,185,RW,Right,,"$900,000"
442. Jussi Rynnas,-,23,"May 22, 1987",Finland,95,196,G,Left,,"$900,000"
443. Ben Scrivens,-,24,"Sep. 11, 1986",Canada,87,188,G,Left,,"$900,000"
444. Taylor Hall,CHI,18,"Nov. 14, 1991",Canada,93,185,LW,Left,,"$900,000"
445. Tyler Seguin,DAL,18,"Jan. 31, 1992",Canada,91,185,"C, RW",Right,,"$900,000"
446. Victor Hedman,TBL,19,"Dec. 18, 1990",Sweden,104,198,LD,Left,,"$900,000"
447. Maxim Lapierre,-,25,"Mar. 29, 1985",Canada,98,188,C,Right,,"$900,000"
448. Peter Holland,-,19,"Jan. 14, 1991",Canada,86,188,C,Left,,"$900,000"
449. Robin Lehner,VGK,19,"Jul. 24, 1991",Sweden,109,193,G,Left,,"$900,000"
450. Kyle Palmieri,NYI,19,"Feb. 1, 1991",United States,84,180,"RW, LW",Right,,"$900,000"
451. Cam Fowler,ANA,18,"Dec. 5, 1991",Canada,97,188,LD/RD,Left,,"$900,000"
452. Mark Giordano,TOR,26,"Oct. 3, 1983",Canada,91,185,LD,Left,,"$891,667"
453. Jordan Caron,-,19,"Nov. 2, 1990",Canada,91,191,RW,Left,,"$886,667"
454. Jakub Kindl,-,23,"Feb. 10, 1987",Czech Republic,90,191,LD,Left,,"$883,333"
455. Ryan O'Reilly,NSH,19,"Feb. 7, 1991",Canada,98,185,C,Left,,"$880,000"
456. Martin Biron,-,33,"Aug. 15, 1977",Canada,84,188,G,Left,,"$875,000"
457. Teemu Hartikainen,-,20,"May 3, 1990",Finland,97,185,C,Left,,"$875,000"
458. Jake Newton,-,22,"Sep. 22, 1988",United States,91,191,D,Left,,"$875,000"
459. Alex Plante,-,21,"May 9, 1989",Canada,104,196,D,Right,,"$875,000"
460. Colton Gillies,-,21,"Feb. 12, 1989",Canada,94,193,C,Left,,"$875,000"
461. Brian Lee,-,23,"Mar. 26, 1987",United States,91,191,D,Right,,"$875,000"
462. Viktor Tikhonov,-,22,"May 12, 1988",Latvia,84,188,"C, RW",Right,,"$875,000"
463. Mattias Tedenby,-,20,"Feb. 21, 1990",Sweden,79,178,RW,Left,,"$875,000"
464. George Parros,-,30,"Dec. 29, 1979",United States,101,196,RW,Right,,"$875,000"
465. Jacob Markström,CGY,20,"Jan. 31, 1990",Sweden,93,198,G,Left,,"$875,000"
466. Brendan Smith,NJD,21,"Feb. 8, 1989",Canada,91,188,LD/RD,Left,,"$875,000"
467. Stu Bickel,-,23,"Oct. 2, 1986",United States,95,193,"D, RW",Right,,"$875,000"
468. Travis Hamonic,OTT,20,"Aug. 16, 1990",Canada,93,188,RD,Right,,"$875,000"
469. Josh Bailey,-,20,"Oct. 2, 1989",Canada,91,185,"RW, LW, C",Left,,"$875,000"
470. Zach Bogosian,TBL,20,"Jul. 15, 1990",United States,103,191,RD,Right,,"$875,000"
471. Tyler Ennis,-,20,"Oct. 6, 1989",Canada,73,175,"LW, RW",Left,,"$875,000"
472. Max Pacioretty,WSH,21,"Nov. 20, 1988",United States,98,188,LW,Left,,"$875,000"
473. P.K. Subban,-,21,"May 13, 1989",Canada,95,183,RD,Right,,"$875,000"
474. Roman Josi,NSH,20,"Jun. 1, 1990",Switzerland,91,185,LD,Left,,"$875,000"
475. Colin Wilson,-,20,"Oct. 20, 1989",United States,98,185,"C, LW",Left,,"$875,000"
476. Luke Schenn,NSH,20,"Nov. 2, 1989",Canada,103,188,RD,Right,,"$875,000"
477. Michael Del Zotto,-,20,"Jun. 24, 1990",Canada,88,183,LD,Left,,"$875,000"
478. Philip McRae,-,20,"Mar. 15, 1990",United States,91,188,C,Left,,"$875,000"
479. Kevin Shattenkirk,BOS,21,"Jan. 29, 1989",United States,94,183,RD,Right,,"$875,000"
480. Karl Alzner,-,22,"Sep. 24, 1988",Canada,99,191,LD,Left,,"$875,000"
481. Drew Doughty,LAK,20,"Dec. 8, 1989",Canada,92,185,RD,Right,,"$875,000"
482. Matt Frattin,-,22,"Jan. 3, 1988",Canada,94,183,RW,Right,,"$875,000"
483. Ryan McDonagh,NSH,21,"Jun. 13, 1989",United States,97,185,LD,Left,,"$875,000"
484. Joe Colborne,-,20,"Jan. 30, 1990",Canada,100,196,"C, LW, RW",Left,,"$875,000"
485. Jordan Eberle,SEA,20,"May 15, 1990",Canada,85,180,RW,Right,,"$875,000"
486. Steven Stamkos,TBL,20,"Feb. 7, 1990",Canada,88,185,"LW, C",Right,,"$875,000"
487. Brandon Sutter,-,21,"Feb. 14, 1989",United States,86,191,"RW, C",Right,,"$875,000"
488. Keaton Ellerby,-,21,"Nov. 5, 1988",Canada,98,196,D,Left,,"$875,000"
489. Tyler Myers,VAN,20,"Feb. 1, 1990",United States,104,203,RD,Right,,"$875,000"
490. James van Riemsdyk,BOS,21,"May 4, 1989",United States,98,191,"LW, RW",Left,,"$875,000"
491. Tyler Bozak,-,24,"Mar. 19, 1986",Canada,90,185,"C, RW",Right,,"$875,000"
492. Ian Cole,VAN,21,"Feb. 21, 1989",United States,102,185,LD/RD,Left,,"$875,000"
493. Mikkel Boedker,-,20,"Dec. 16, 1989",Denmark,94,180,"LW, RW",Left,,"$875,000"
494. Patrick Wiercioch,-,20,"Sep. 12, 1990",Canada,92,196,LD,Left,,"$875,000"
495. Erik Karlsson,PIT,20,"May 31, 1990",Sweden,86,183,RD,Right,,"$875,000"
496. Luca Sbisa,-,20,"Jan. 30, 1990",Italy,93,191,LD,Left,,"$875,000"
497. B.J. Crombeen,-,25,"Jul. 10, 1985",United States,95,188,RW,Right,,"$872,500"
498. John Moore,-,19,"Nov. 19, 1990",United States,96,185,LD,Left,,"$870,000"
499. Jerry D'Amigo,-,19,"Feb. 19, 1991",United States,92,180,RW,Left,,"$870,000"
500. Ryan Ellis,PHI,19,"Jan. 3, 1991",Canada,82,178,RD,Right,,"$870,000"
501. Carter Ashton,-,19,"Apr. 1, 1991",Canada,98,191,RW,Left,,"$870,000"
502. Simon Despres,-,19,"Jul. 27, 1991",Canada,99,193,RD,Left,,"$870,000"
503. Nazem Kadri,CGY,19,"Oct. 6, 1990",Canada,87,183,C,Left,,"$870,000"
504. Jared Cowen,-,19,"Jan. 25, 1991",Canada,103,196,LD,Left,,"$870,000"
505. Alexandre Picard,-,24,"Oct. 9, 1985",Canada,93,188,LW,Left,,"$868,219"
506. Mark Mitera,-,22,"Oct. 22, 1987",United States,92,191,D,Left,,"$850,000"
507. Francois Bouchard,-,22,"Apr. 26, 1988",Canada,90,185,RW,Left,,"$850,000"
508. Joe Finley,-,23,"Jun. 29, 1987",United States,111,203,D,Left,,"$850,000"
509. Ryan Stoa,-,23,"Apr. 13, 1987",United States,97,191,C,Left,,"$850,000"
510. Blake Geoffrion,-,22,"Feb. 3, 1988",United States,85,188,C,Left,,"$850,000"
511. Doug Weight,-,39,"Jan. 21, 1971",United States,87,180,C,Left,,"$850,000"
512. Nathan Gerbe,-,23,"Jul. 24, 1987",United States,81,165,"LW, RW",Left,,"$850,000"
513. Brian Elliott,-,25,"Apr. 9, 1985",Canada,95,188,G,Left,,"$850,000"
514. T.J. Oshie,WSH,23,"Dec. 23, 1986",United States,88,183,RW,Right,,"$850,000"
515. Chris Summers,-,22,"Feb. 5, 1988",United States,95,188,LD,Left,,"$850,000"
516. Ben Bishop,-,23,"Nov. 21, 1986",United States,95,201,G,Left,,"$850,000"
517. Michael Frolík,-,22,"Feb. 17, 1988",Czech Republic,86,185,"LW, RW",Left,,"$850,000"
518. Jeff Petry,DET,22,"Dec. 9, 1987",United States,95,191,RD,Right,,"$850,000"
519. Kyle Beach,-,20,"Jan. 13, 1990",Canada,95,191,"LW, RW",Right,,"$845,833"
520. Logan MacMillan,-,21,"May 7, 1989",Canada,80,185,LW,Left,,"$845,833"
521. Tyler Cuma,-,20,"Jan. 19, 1990",Canada,85,188,D,Left,,"$845,833"
522. Anton Gustafsson,-,20,"Feb. 25, 1990",Sweden,88,188,C,Left,,"$845,833"
523. Nikita Filatov,-,20,"May 25, 1990",Russia,86,183,LW,Right,,"$845,833"
524. Zach Boychuk,-,20,"Oct. 4, 1989",Canada,84,178,"LW, RW",Left,,"$845,833"
525. Greg Nemisz,-,20,"Jun. 5, 1990",Canada,91,191,RW,Right,,"$845,833"
526. Lars Eller,PIT,21,"May 8, 1989",Denmark,93,188,C,Left,,"$845,833"
527. Jakub Voracek,ARI,21,"Aug. 15, 1989",Czech Republic,97,188,"RW, LW",Left,,"$845,833"
528. John Carlson,WSH,20,"Jan. 10, 1990",United States,98,191,RD,Right,,"$845,833"
529. Mikael Backlund,CGY,21,"Mar. 17, 1989",Sweden,91,183,C,Left,,"$845,833"
530. Kyle Turris,-,21,"Aug. 14, 1989",Canada,86,185,"C, RW",Right,,"$845,833"
531. Colby Cohen,-,21,"Apr. 25, 1989",United States,98,191,D,Right,,"$845,500"
532. Krys Barch,-,30,"Mar. 26, 1980",Canada,108,185,LW,Left,,"$837,500"
533. David Jones,-,26,"Aug. 10, 1984",Canada,95,188,RW,Right,,"$837,500"
534. Mike Rupp,-,30,"Jan. 13, 1980",United States,105,196,C,Left,,"$825,000"
535. Jannik Hansen,-,24,"Mar. 15, 1986",Denmark,88,185,RW,Right,,"$825,000"
536. Colin Fraser,-,25,"Jan. 28, 1985",Canada,86,185,C,Left,,"$825,000"
537. Riku Helenius,-,22,"Mar. 1, 1988",Finland,96,191,G,Left,,"$821,667"
538. Ivan Vishnevskiy,-,22,"Feb. 18, 1988",Russia,88,183,D,Left,,"$821,667"
539. Bobby Sanguinetti,-,22,"Feb. 29, 1988",United States,86,188,RD,Right,,"$821,667"
540. Kyle Okposo,BUF,22,"Apr. 16, 1988",United States,98,183,RW,Right,,"$821,667"
541. Semyon Varlamov,NYI,22,"Apr. 27, 1988",Russia,93,188,G,Left,,"$821,667"
542. Steve Mason,-,22,"May 29, 1988",Canada,95,193,G,Right,,"$821,667"
543. Claude Giroux,OTT,22,"Jan. 12, 1988",Canada,84,180,"RW, C",Right,,"$821,667"
544. Patrik Berglund,-,22,"Jun. 2, 1988",Sweden,98,193,"C, LW",Left,,"$821,667"
545. Artem Anisimov,-,22,"May 24, 1988",Russia,90,193,"C, LW",Left,,"$821,667"
546. Michal Neuvirth,-,22,"Mar. 23, 1988",Czech Republic,95,185,G,Left,,"$821,667"
547. Derek Stepan,-,20,"Jun. 18, 1990",United States,89,183,"C, RW",Right,,"$820,833"
548. Zach Hamill,-,22,"Sep. 23, 1988",Canada,82,180,C,Right,,"$816,667"
549. Colten Teubert,-,20,"Mar. 8, 1990",Canada,91,193,D,Right,,"$816,667"
550. Chet Pickard,-,20,"Nov. 29, 1989",Canada,93,188,G,Left,,"$816,667"
551. Jonathon Blum,-,21,"Jan. 30, 1989",United States,85,185,D,Right,,"$816,667"
552. Tom McCollum,-,20,"Dec. 7, 1989",United States,98,188,G,Left,,"$816,667"
553. Thomas Hickey,-,21,"Feb. 8, 1989",Canada,83,183,LD,Left,,"$816,667"
554. Cody Hodgson,-,20,"Feb. 18, 1990",Canada,87,183,"C, RW",Right,,"$816,667"
555. Logan Couture,SJS,21,"Mar. 28, 1989",Canada,91,185,C,Left,,"$816,667"
556. Jake Allen,MTL,20,"Aug. 7, 1990",Canada,88,188,G,Left,,"$816,667"
557. Alex Pietrangelo,VGK,20,"Jan. 18, 1990",Canada,95,191,RD,Right,,"$816,667"
558. Brian Sutherby,-,28,"Mar. 1, 1982",Canada,95,188,C,Left,,"$812,500"
559. Shawn Thornton,-,33,"Jul. 23, 1977",Canada,98,188,"LW, RW",Right,,"$812,500"
560. Nick Petrecki,-,21,"Jul. 11, 1989",United States,104,191,D,Left,,"$807,833"
561. Kenndal McArdle,-,23,"Jan. 4, 1987",Canada,92,183,D,Left,,"$803,250"
562. Trevor Lewis,LAK,23,"Jan. 8, 1987",United States,92,185,"RW, C",Right,,"$803,250"
563. James Sheppard,-,22,"Apr. 25, 1988",Canada,98,185,C,Left,,"$803,250"
564. Sami Lepisto,-,25,"Oct. 17, 1984",Finland,88,185,D,Left,,"$800,000"
565. Marek Svatos,-,Deceased (34),"Jun. 17, 1982",Slovakia,82,178,RW,Right,,"$800,000"
566. Freddy Modin,-,35,"Oct. 8, 1974",Sweden,100,193,LW,Left,,"$800,000"
567. Ville Leino,-,26,"Oct. 6, 1983",Finland,83,185,LW,Left,,"$800,000"
568. Devan Dubnyk,-,24,"May 4, 1986",Canada,102,198,G,Left,,"$800,000"
569. Brandon Prust,-,26,"Mar. 16, 1984",Canada,88,183,"LW, C",Left,,"$800,000"
570. Cody Franson,-,23,"Aug. 8, 1987",Canada,102,196,RD,Right,,"$800,000"
571. Corey Crawford,-,25,"Dec. 31, 1984",Canada,98,188,G,Left,,"$800,000"
572. Jack Campbell,EDM,18,"Jan. 9, 1992",United States,89,188,G,Left,,"$800,000"
573. Nikita Nikitin,-,24,"Jun. 16, 1986",Russia,98,193,LD,Left,,"$800,000"
574. Boyd Gordon,-,26,"Oct. 19, 1983",Canada,91,183,C,Right,,"$800,000"
575. Nick Bonino,NYR,22,"Apr. 20, 1988",United States,89,185,"C, LW",Left,,"$796,250"
576. Leland Irving,-,22,"Apr. 11, 1988",Canada,80,183,G,Left,,"$793,333"
577. Michael Grabner,-,22,"Oct. 5, 1987",Austria,85,185,"LW, RW",Left,,"$793,333"
578. Jonathan Bernier,-,22,"Aug. 7, 1988",Canada,84,183,G,Left,,"$793,333"
579. Angelo Esposito,-,21,"Feb. 20, 1989",Canada,82,185,C,Left,,"$792,500"
580. Colby Robak,-,20,"Apr. 24, 1990",Canada,88,191,D,Left,,"$791,667"
581. Carl Klingberg,-,19,"Jan. 28, 1991",Sweden,93,191,LW,Right,,"$790,000"
582. Ty Wishart,-,22,"May 19, 1988",Canada,102,193,D,Left,,"$788,333"
583. Justin Abdelkader,-,23,"Feb. 25, 1987",United States,97,188,"LW, RW",Left,,"$787,500"
584. Cody Goloubef,-,20,"Nov. 30, 1989",Canada,86,185,RD,Right,,"$783,333"
585. Brett Ponich,-,19,"Feb. 22, 1991",Canada,102,201,D,Left,,"$776,667"
586. Darcy Hordichuk,-,30,"Aug. 10, 1980",Canada,98,185,LW,Left,,"$775,000"
587. Tom Wandell,-,23,"Jan. 29, 1987",Sweden,85,185,"C, RW",Left,,"$775,000"
588. Nick Holden,-,23,"May 15, 1987",Canada,97,193,LD,Left,,"$775,000"
589. Marcel Goc,-,27,"Aug. 24, 1983",Germany,89,185,C,Left,,"$775,000"
590. Shawn Matthias,-,22,"Feb. 19, 1988",Canada,105,193,"C, LW",Left,,"$773,333"
591. Dylan Olsen,-,19,"Jan. 3, 1991",United States,101,188,LD,Left,,"$768,333"
592. Jeremy Morin,-,19,"Apr. 16, 1991",United States,86,185,"LW, RW",Right,,"$765,000"
593. Theo Ruth,-,21,"Feb. 14, 1989",United States,93,183,D,Right,,"$762,500"
594. Boris Valabik,-,24,"Feb. 14, 1986",Slovakia,116,201,LD,Left,,"$762,500"
595. Jerred Smithson,-,31,"Feb. 4, 1979",Canada,95,191,C,Right,,"$762,500"
596. Slava Voynov,-,20,"Jan. 15, 1990",Russia,88,183,RD,Right,,"$762,500"
597. Rob Schremp,-,24,"Jul. 1, 1986",United States,91,180,C,Left,,"$750,750"
598. Eric Godard,-,30,"Mar. 7, 1980",Canada,102,193,RW,Right,,"$750,000"
599. Vladimír Sobotka,-,23,"Jul. 2, 1987",Czech Republic,87,180,"LW, C",Left,,"$750,000"
600. Fredrik Sjostrom,-,27,"May 6, 1983",Sweden,99,185,LW,Left,,"$750,000"
601. Ruslan Salei,-,Deceased (36),"Nov. 2, 1974",Belarus,93,188,D,Left,,"$750,000"
602. Mike Lundin,-,26,"Sep. 24, 1984",United States,83,188,LD,Left,,"$750,000"
603. Aaron Rome,-,27,"Sep. 27, 1983",Canada,100,185,D,Left,,"$750,000"
604. Eric Belanger,-,32,"Dec. 16, 1977",Canada,84,183,C,Left,,"$750,000"
605. Paul Mara,-,31,"Sep. 7, 1979",United States,95,193,D,Left,,"$750,000"
606. Jesse Winchester,-,26,"Oct. 4, 1983",Canada,93,185,"C, RW, LW",Right,,"$750,000"
607. Viktor Stalberg,-,24,"Jan. 17, 1986",Sweden,95,191,"LW, RW",Left,,"$750,000"
608. Alex Stalock,ANA,23,"Jul. 28, 1987",United States,91,183,G,Left,,"$750,000"
609. Al Montoya,-,25,"Feb. 13, 1985",United States,95,188,G,Left,,"$750,000"
610. Teddy Purcell,-,25,"Sep. 8, 1985",Canada,88,188,"RW, LW",Right,,"$750,000"
611. Patrick Eaves,-,26,"May 1, 1984",Canada,92,180,"RW, LW",Right,,"$750,000"
612. Mat Clark,-,19,"Oct. 17, 1990",United States,96,191,RD,Right,,"$750,000"
613. Devante Smith-Pelly,-,18,"Jun. 14, 1992",Canada,101,183,"RW, LW",Right,,"$750,000"
614. Chris VandeVelde,-,23,"Mar. 15, 1987",United States,86,188,"C, LW",Left,,"$745,000"
615. Bruno Gervais,-,25,"Oct. 3, 1984",Canada,85,183,D,Right,,"$740,833"
616. David Savard,MTL,19,"Oct. 22, 1990",Canada,106,188,RD,Right,,"$740,167"
617. Matt Irwin,VAN,22,"Nov. 29, 1987",Canada,94,185,LD/RD,Left,,"$740,000"
618. Brett MacLean,-,21,"Dec. 24, 1988",Canada,89,188,RW,Right,,"$737,500"
619. Aaron Palushaj,-,21,"Sep. 7, 1989",United States,85,183,RW,Right,,"$737,500"
620. Luke Adam,-,20,"Jun. 18, 1990",Canada,93,188,C,Left,,"$737,500"
621. Andy Greene,-,27,"Oct. 30, 1982",United States,86,180,LD/RD,Left,,"$737,500"
622. Nick Spaling,-,22,"Sep. 19, 1988",Canada,91,185,"C, LW",Left,,"$737,500"
623. Dan Bertram,-,23,"Jan. 14, 1987",Canada,79,180,RW,Right,,"$735,000"
624. Marcus Krüger,-,20,"May 27, 1990",Sweden,84,183,C,Left,,"$735,000"
625. Taylor Chorney,-,23,"Apr. 27, 1987",Canada,87,185,RD,Left,,"$735,000"
626. Colin Greening,-,24,"Mar. 9, 1986",Canada,95,191,LW,Left,,"$735,000"
627. Jori Lehterä,-,22,"Dec. 23, 1987",Finland,96,188,"LW, C",Left,,"$731,250"
628. Yury Alexandrov,-,22,"Jun. 24, 1988",Russia,84,183,D,Left,,"$730,000"
629. Darroll Powe,-,25,"Jun. 22, 1985",Canada,95,180,C,Left,,"$725,000"
630. John Mitchell,-,25,"Jan. 22, 1985",Canada,93,185,C,Left,,"$725,000"
631. Jared Boll,-,24,"May 13, 1986",United States,95,191,RW,Right,,"$725,000"
632. Tyler Kennedy,-,24,"Jul. 15, 1986",Canada,84,180,C,Right,,"$725,000"
633. Jimmy Howard,-,26,"Mar. 26, 1984",United States,99,185,G,Left,,"$716,667"
634. Dustin Kohn,-,23,"Feb. 2, 1987",Canada,91,185,D,Left,,"$715,000"
635. Brandon Manning,-,20,"Jun. 4, 1990",Canada,93,185,LD,Left,,"$715,000"
636. Landon Ferraro,-,19,"Aug. 8, 1991",Canada,84,183,"C, RW",Right,,"$715,000"
637. Akim Aliu,-,21,"Apr. 24, 1989",Nigeria,102,193,RW,Right,,"$713,333"
638. Matt Calvert,-,20,"Dec. 24, 1989",Canada,84,180,"LW, RW",Left,,"$712,500"
639. Ben Maxwell,-,22,"Mar. 30, 1988",Canada,88,185,C,Left,,"$710,000"
640. Kyle Clifford,TOR,19,"Jan. 13, 1991",Canada,98,188,LW,Left,,"$710,000"
641. Nicolas Deschamps,-,20,"Jan. 6, 1990",Canada,84,185,C,Left,,"$708,333"
642. Eric Tangradi,-,21,"Feb. 10, 1989",United States,103,193,LW,Left,,"$708,333"
643. Matt Hackett,-,20,"Mar. 7, 1990",Canada,81,188,G,Left,,"$706,667"
644. Igor Bobkov,-,19,"Jan. 2, 1991",Russia,108,198,G,Left,,"$706,667"
645. Zac Dalpe,FLA,20,"Nov. 1, 1989",Canada,88,188,C,Right,,"$704,167"
646. Riley Nash,NYR,21,"May 9, 1989",Canada,84,188,"C, RW",Right,,"$704,166"
647. Tyler Sloan,-,29,"Mar. 15, 1981",Canada,86,191,LD,Left,,"$700,000"
648. Jyri Niemi,-,20,"Jun. 15, 1990",Finland,94,188,LD,Left,,"$700,000"
649. Ryan O'Marra,-,23,"Jun. 9, 1987",Japan,100,188,RW,Right,,"$700,000"
650. Brad Winchester,-,29,"Mar. 1, 1981",United States,104,196,LW,Left,,"$700,000"
651. Matt Carkner,-,29,"Nov. 3, 1980",Canada,106,196,D,Right,,"$700,000"
652. Sean Bergenheim,-,26,"Feb. 8, 1984",Finland,91,180,LW,Left,,"$700,000"
653. Zack Stortini,-,25,"Sep. 11, 1985",Canada,104,193,RW,Right,,"$700,000"
654. Lauri Korpikoski,-,24,"Jul. 28, 1986",Finland,88,185,"LW, RW",Left,,"$700,000"
655. Adam Pardy,-,26,"Mar. 29, 1984",Canada,103,193,LD,Left,,"$700,000"
656. Michael Ratchuk,-,22,"Feb. 20, 1988",United States,79,178,D,Left,,"$693,333"
657. Charles-Olivier Roussel,-,19,"Sep. 13, 1991",Canada,89,185,D,Right,,"$690,000"
658. Anton Rödin,-,19,"Nov. 21, 1990",Sweden,84,180,RW,Left,,"$690,000"
659. Johan Fransson,-,25,"Feb. 18, 1985",Sweden,90,188,LD,Left,,"$690,000"
660. Eric Gelinas,-,19,"May 8, 1991",Canada,98,193,LD,Left,,"$690,000"
661. Jesse Blacker,-,19,"Apr. 19, 1991",Canada,86,185,D,Right,,"$690,000"
662. Taylor Beck,-,19,"May 13, 1991",Canada,94,188,LW,Right,,"$689,999"
663. Brendan Mikkelson,-,23,"Jun. 22, 1987",Canada,95,191,D,Left,,"$687,500"
664. Tyler Plante,-,23,"May 17, 1987",United States,95,191,G,Left,,"$687,500"
665. Byron Bitz,-,26,"Jul. 21, 1984",Canada,98,196,RW,Right,,"$687,500"
666. Brandon McMillan,-,20,"Mar. 22, 1990",Canada,84,180,LW,Left,,"$687,500"
667. Anders Lindbäck,-,22,"May 3, 1988",Sweden,98,198,G,Left,,"$687,500"
668. Tommy Wingels,-,22,"Apr. 12, 1988",United States,91,183,"RW, LW",Right,,"$687,500"
669. Cameron Gaunce,-,20,"Mar. 19, 1990",Canada,93,188,LD,Left,,"$687,500"
670. Jamie McBain,-,22,"Feb. 25, 1988",United States,82,185,RD,Right,,"$685,000"
671. Dana Tyrell,-,21,"Apr. 23, 1989",Canada,87,178,C,Left,,"$683,333"
672. Peter Andersson,-,19,"Apr. 13, 1991",Sweden,88,191,D,Left,,"$681,667"
673. Jamie McGinn,-,22,"Aug. 5, 1988",Canada,93,185,"LW, RW",Left,,"$681,667"
674. Kevin Connauton,LAK,20,"Feb. 23, 1990",Canada,93,188,LD/RD,Left,,"$681,667"
675. Harri Säteri,-,20,"Dec. 29, 1989",Finland,93,185,G,Left,,"$679,167"
676. Taylor Ellington,-,21,"Oct. 31, 1988",Canada,94,188,D,Left,,"$679,167"
677. Evgeny Grachev,-,20,"Feb. 21, 1990",Russia,102,193,C,Left,,"$675,000"
678. Fabian Brunnstrom,-,25,"Feb. 6, 1985",Sweden,93,185,LW,Left,,"$675,000"
679. David Hale,-,29,"Jun. 18, 1981",United States,105,188,D,Left,,"$675,000"
680. Jason Garrison,-,25,"Nov. 13, 1984",Canada,99,185,LD,Left,,"$675,000"
681. Mathieu Perreault,-,22,"Jan. 5, 1988",Canada,85,178,"LW, RW, C",Left,,"$675,000"
682. Yann Sauve,-,20,"Feb. 18, 1990",Canada,96,191,D,Left,,"$670,833"
683. Paul Postma,-,21,"Feb. 22, 1989",Canada,88,191,RD,Right,,"$670,833"
684. Kevin Marshall,-,21,"Mar. 10, 1989",Canada,92,183,D,Left,,"$666,667"
685. Eddie Läck,-,22,"Jan. 5, 1988",Sweden,85,193,G,Left,,"$665,000"
686. Cam Talbot,LAK,23,"Jul. 5, 1987",Canada,89,193,G,Left,,"$665,000"
687. Justin Braun,-,23,"Feb. 10, 1987",United States,93,188,RD,Right,,"$662,500"
688. Patrick Mullen,-,24,"May 6, 1986",United States,84,178,RD,Right,,"$662,500"
689. Mathieu Carle,-,23,"Sep. 30, 1987",Canada,92,183,D,Right,,"$660,000"
690. Kevin Porter,-,24,"Mar. 12, 1986",United States,87,180,C,Left,,"$660,000"
691. Taylor Doherty,-,19,"Mar. 2, 1991",Canada,104,203,D,Right,,"$660,000"
692. Tomas Tatar,COL,19,"Dec. 1, 1990",Slovakia,83,178,"LW, RW",Left,,"$660,000"
693. Matt Bartkowski,-,22,"Jun. 4, 1988",United States,90,185,RD,Left,,"$660,000"
694. Anton Khudobin,-,24,"May 7, 1986",Kazakhstan,88,180,G,Left,,"$660,000"
695. Marc-Andre Cliche,-,23,"Mar. 23, 1987",Canada,93,183,C,Right,,"$660,000"
696. Chris Thorburn,-,27,"Jun. 3, 1983",Canada,107,191,"RW, LW",Right,,"$660,000"
697. Chad Johnson,-,24,"Jun. 10, 1986",Canada,89,191,G,Left,,"$660,000"
698. Jaroslav Janus,-,21,"Sep. 21, 1989",Slovakia,87,183,G,Left,,"$658,333"
699. Drayson Bowman,-,21,"Mar. 8, 1989",United States,88,185,LW,Left,,"$658,333"
700. Evgeni Dadonov,DAL,21,"Mar. 12, 1989",Russia,86,180,"RW, LW",Left,,"$654,167"
701. Oscar Moller,-,21,"Jan. 22, 1989",Sweden,83,178,LW,Right,,"$654,167"
702. Stefan Legein,-,21,"Nov. 24, 1988",Canada,84,178,C,Right,,"$654,167"
703. Andrew Raycroft,-,30,"May 4, 1980",Canada,84,183,G,Left,,"$650,000"
704. Dustin Boyd,-,24,"Jul. 16, 1986",Canada,87,183,C,Left,,"$650,000"
705. Jeff Woywitka,-,27,"Sep. 1, 1983",Canada,101,191,LD,Left,,"$650,000"
706. Kyle Wellwood,-,27,"May 16, 1983",Canada,84,180,C,Right,,"$650,000"
707. Nigel Dawes,-,25,"Feb. 9, 1985",Canada,89,173,LW,Left,,"$650,000"
708. Drew Miller,-,26,"Feb. 17, 1984",United States,82,188,"LW, RW",Left,,"$650,000"
709. Nate Prosser,-,24,"May 7, 1986",United States,91,188,RD,Right,,"$650,000"
710. Eric Boulton,-,34,"Aug. 17, 1976",Canada,103,183,LW,Left,,"$650,000"
711. Kyle Chipchura,-,24,"Feb. 19, 1986",Canada,92,188,"C, RW",Left,,"$650,000"
712. Brad Thiessen,-,24,"Mar. 19, 1986",Canada,81,183,G,Left,,"$650,000"
713. Blake Comeau,-,24,"Feb. 18, 1986",Canada,91,185,"RW, LW",Right,,"$650,000"
714. Brandon Pirri,-,19,"Apr. 10, 1991",Canada,82,185,"RW, LW",Left,,"$648,333"
715. James Wright,-,20,"Mar. 24, 1990",Canada,91,193,C,Left,,"$646,667"
716. T.J. Brennan,-,21,"Apr. 3, 1989",United States,97,183,LD,Left,,"$645,833"
717. T.J. Fast,-,23,"Sep. 2, 1987",Canada,84,183,D,Left,,"$643,333"
718. Marco Scandella,STL,20,"Feb. 23, 1990",Canada,96,191,LD,Left,,"$643,333"
719. Josh Godfrey,-,22,"Jan. 15, 1988",Canada,93,188,D,Right,,"$641,667"
720. David Ullstrom,-,21,"Apr. 22, 1989",Sweden,88,188,"C, LW",Left,,"$637,500"
721. Alec Martinez,VGK,23,"Jul. 26, 1987",United States,95,185,LD,Left,,"$637,500"
722. Dennis Persson,-,22,"Jun. 2, 1988",Sweden,87,185,D,Left,,"$635,000"
723. Philip Larsen,-,20,"Dec. 7, 1989",Denmark,84,185,D,Right,,"$635,000"
724. Benn Ferriero,-,23,"Apr. 29, 1987",United States,88,180,RW,Right,,"$635,000"
725. Steven Kampfer,ARI,22,"Sep. 24, 1988",United States,90,180,RD,Right,,"$635,000"
726. Jhonas Enroth,-,22,"Jun. 25, 1988",Sweden,79,178,G,Left,,"$635,000"
727. Michael Hutchinson,-,20,"Mar. 2, 1990",Canada,90,191,G,Right,,"$635,000"
728. Max Sauve,-,20,"Jan. 30, 1990",France,84,183,C,Left,,"$633,333"
729. Anthony Stewart,-,25,"May 1, 1985",Canada,105,191,RW,Right,,"$632,500"
730. Darren Archibald,-,20,"Feb. 9, 1990",Canada,95,191,"LW, RW",Left,,"$631,667"
731. Matt Martin,NYI,21,"May 8, 1989",Canada,100,191,"LW, RW",Left,,"$631,667"
732. Jamie Benn,DAL,21,"Jul. 18, 1989",Canada,95,188,"LW, C",Left,,"$630,000"
733. Carl Gunnarsson,-,23,"Nov. 9, 1986",Sweden,90,188,LD,Left,,"$630,000"
734. Michal Repik,-,21,"Dec. 31, 1988",Czech Republic,87,178,RW,Right,,"$629,167"
735. Nick Ross,-,21,"Feb. 10, 1989",Canada,94,185,D,Left,,"$625,000"
736. Tomas Kana,-,22,"Nov. 29, 1987",Czech Republic,93,183,C,Right,,"$625,000"
737. Andrew Murray,-,28,"Nov. 6, 1981",Canada,99,188,C,Left,,"$625,000"
738. Jeremy Smith,-,21,"Apr. 13, 1989",United States,75,183,G,Left,,"$625,000"
739. Ryan Carter,-,27,"Aug. 3, 1983",United States,93,185,"C, LW",Left,,"$625,000"
740. Matt Ellis,-,29,"Aug. 31, 1981",Canada,94,183,LW,Left,,"$625,000"
741. Tanner Glass,-,26,"Nov. 29, 1983",Canada,95,185,LW,Left,,"$625,000"
742. Nate Thompson,-,25,"Oct. 5, 1984",United States,93,185,C,Left,,"$625,000"
743. Cory Emmerton,-,22,"Jun. 1, 1988",Canada,87,183,C,Left,,"$623,333"
744. Tomas Vincour,-,19,"Nov. 19, 1990",Czech Republic,97,191,C,Right,,"$621,667"
745. Jim O'Brien,-,21,"Jan. 29, 1989",United States,91,188,C,Right,,"$620,833"
746. Alexander Vasyunov,-,Deceased (23),"Apr. 22, 1988",Russia,95,185,LW,Right,,"$618,333"
747. Dick Axelsson,-,23,"Apr. 25, 1987",Sweden,90,188,LW,Left,,"$618,333"
748. Jesse Joensuu,-,22,"Oct. 5, 1987",Finland,95,193,LW,Left,,"$618,333"
749. Gabriel Bourque,-,20,"Sep. 23, 1990",Canada,93,178,"RW, LW",Left,,"$618,333"
750. Davis Drewiske,-,25,"Nov. 22, 1984",United States,101,188,LD,Left,,"$616,667"
751. Jean-Francois Jacques,-,25,"Apr. 29, 1985",Canada,98,191,LW,Left,,"$615,000"
752. Louis-Marc Aubry,-,18,"Nov. 11, 1991",Canada,96,193,C,Left,,"$615,000"
753. Tomas Kubalik,-,20,"May 1, 1990",Czech Republic,96,188,RW,Right,,"$613,333"
754. Anssi Salmela,-,26,"Aug. 13, 1984",Finland,91,185,D,Left,,"$612,500"
755. Paul Bissonnette,-,25,"Mar. 11, 1985",Canada,98,188,LW,Left,,"$612,500"
756. Edward Pasquale,-,19,"Nov. 20, 1990",Canada,98,188,G,Left,,"$612,500"
757. Joakim Andersson,-,21,"Feb. 5, 1989",Sweden,96,188,C,Left,,"$612,500"
758. Yannick Weber,-,22,"Sep. 23, 1988",Switzerland,91,180,RD,Right,,"$612,500"
759. Aaron Volpatti,-,25,"May 30, 1985",Canada,84,185,LW,Left,,"$612,500"
760. Philipp Grubauer,SEA,18,"Nov. 25, 1991",Germany,85,185,G,Left,,"$611,667"
761. Ryan White,-,22,"Mar. 17, 1988",Canada,91,183,C,Right,,"$610,000"
762. Mike Hoffman,SJS,20,"Nov. 24, 1989",Canada,86,183,LW,Left,,"$610,000"
763. Tyler Beskorowany,-,20,"Apr. 28, 1990",Canada,96,193,G,Left,,"$608,333"
764. Chris Terry,-,21,"Apr. 7, 1989",Canada,88,178,"LW, RW",Left,,"$608,333"
765. Eric O'Dell,-,20,"Jun. 21, 1990",Canada,88,183,C,Right,,"$608,333"
766. Richard Bachman,-,23,"Jul. 25, 1987",United States,83,178,G,Left,,"$607,500"
767. Michal Jordan,-,20,"Jul. 17, 1990",Czech Republic,88,185,LD,Left,,"$606,667"
768. Jake Muzzin,TOR,21,"Feb. 21, 1989",Canada,98,191,LD,Left,,"$606,667"
769. Michael Latta,-,19,"May 25, 1991",Canada,95,183,C,Right,,"$605,000"
770. Erik Condra,-,24,"Aug. 6, 1986",United States,84,180,RW,Right,,"$605,000"
771. Andrei Loktionov,-,20,"May 30, 1990",Russia,87,180,C,Left,,"$604,167"
772. Kevin Poulin,-,20,"Apr. 12, 1990",Canada,90,188,G,Left,,"$604,167"
773. Brian Strait,-,22,"Jan. 4, 1988",United States,95,185,LD,Left,,"$601,667"
774. Jeff Zatkoff,-,23,"Jun. 9, 1987",United States,81,188,G,Left,,"$601,667"
775. Peter Schaefer,-,33,"Jul. 12, 1977",Canada,88,180,LW,Left,,"$600,000"
776. Nathan Oystrick,-,27,"Dec. 17, 1982",Canada,97,180,LD,Left,,"$600,000"
777. Mark Parrish,-,33,"Feb. 2, 1977",United States,88,180,RW,Right,,"$600,000"
778. Oskars Bartulis,-,23,"Jan. 21, 1987",Latvia,91,191,D,Left,,"$600,000"
779. Jeff Halpern,-,34,"May 3, 1976",United States,92,183,C,Right,,"$600,000"
780. Vladimir Mihalik,-,23,"Jan. 29, 1987",Slovakia,110,203,D,Left,,"$600,000"
781. Shawn Belle,-,25,"Jan. 3, 1985",Canada,105,191,D,Left,,"$600,000"
782. Kris Chucko,-,24,"Mar. 13, 1986",Canada,86,188,LW,Right,,"$600,000"
783. Jamie Lundmark,-,29,"Jan. 16, 1981",Canada,87,183,"C, RW",Right,,"$600,000"
784. Jamal Mayers,-,35,"Oct. 24, 1974",Canada,101,185,RW,Right,,"$600,000"
785. Andreas Lilja,-,35,"Jul. 13, 1975",Sweden,101,191,LD,Left,,"$600,000"
786. Kyle Wilson,-,25,"Dec. 5, 1984",Canada,91,183,C,Left,,"$600,000"
787. Alexandre Picard,-,25,"Jul. 5, 1985",Canada,98,191,D,Left,,"$600,000"
788. Patrick O'Sullivan,-,25,"Feb. 1, 1985",United States,86,180,LW,Left,,"$600,000"
789. T.J. Hensick,-,24,"Dec. 10, 1985",United States,86,178,RW,Right,,"$600,000"
790. Shane Harper,-,21,"Feb. 1, 1989",United States,88,180,RW,Right,,"$600,000"
791. Adam Hall,-,30,"Aug. 14, 1980",United States,96,188,RW,Right,,"$600,000"
792. Tyson Strachan,-,25,"Oct. 30, 1984",Canada,102,191,RD,Right,,"$600,000"
793. Taylor Aronson,-,18,"Dec. 30, 1991",United States,84,185,RD,Right,,"$600,000"
794. Ben Holmstrom,-,23,"Apr. 9, 1987",United States,89,185,C,Right,,"$600,000"
795. Drew Bagnall,-,26,"Oct. 26, 1983",Canada,98,191,D,Left,,"$600,000"
796. Cam Janssen,-,26,"Apr. 15, 1984",United States,95,180,RW,Right,,"$600,000"
797. Pierre-Alexandre Parenteau,-,27,"Mar. 24, 1983",Canada,91,183,RW,Right,,"$600,000"
798. Mike Santorelli,-,24,"Dec. 14, 1985",Canada,86,183,"C, RW",Right,,"$600,000"
799. Radko Gudas,ANA,20,"Jun. 5, 1990",Czech Republic,93,183,RD,Right,,"$600,000"
800. Derek MacKenzie,-,29,"Jun. 11, 1981",Canada,80,180,"C, LW",Left,,"$600,000"
801. Kyle Cumiskey,-,23,"Dec. 2, 1986",Canada,82,180,LD,Left,,"$600,000"
802. Jack Skille,-,23,"May 19, 1987",United States,98,185,RW,Right,,"$600,000"
803. Dave Dziurzynski,-,20,"Oct. 6, 1989",Canada,93,191,LW,Left,,"$600,000"
804. Carl Sneep,-,22,"Nov. 5, 1987",United States,95,193,D,Right,,"$597,500"
805. Trevor Cann,-,21,"Mar. 30, 1989",Canada,90,180,G,Left,,"$595,833"
806. TJ Galiardi,-,22,"Apr. 22, 1988",Canada,86,188,LW,Left,,"$595,833"
807. Cody Eakin,-,19,"May 24, 1991",Canada,83,183,C,Left,,"$595,555"
808. Kevin Henderson,-,23,"Dec. 3, 1986",Canada,95,191,LW,Left,,"$595,000"
809. Korbinian Holzer,-,22,"Feb. 16, 1988",Germany,97,191,RD,Right,,"$595,000"
810. Joel Gistedt,-,22,"Dec. 7, 1987",Sweden,91,180,G,Left,,"$593,333"
811. Ryan Stanton,-,21,"Jul. 20, 1989",Canada,93,188,LD,Left,,"$592,500"
812. Ben Smith,-,22,"Jul. 11, 1988",United States,90,180,"RW, C",Right,,"$592,500"
813. Michael Stone,-,20,"Jun. 7, 1990",Canada,95,191,RD,Right,,"$591,667"
814. Justin Falk,-,21,"Oct. 11, 1988",Canada,101,196,LD,Left,,"$591,667"
815. Jamie Devane,-,19,"Feb. 20, 1991",Canada,100,196,LW,Left,,"$590,555"
816. Petr Kalus,-,23,"Jun. 29, 1987",Czech Republic,87,185,LW,Left,,"$590,000"
817. Brad Marchand,BOS,22,"May 11, 1988",Canada,82,175,LW,Left,,"$590,000"
818. Matthew Corrente,-,22,"Mar. 17, 1988",Canada,93,183,D,Right,,"$590,000"
819. Mike Blunden,-,23,"Dec. 15, 1986",Canada,98,193,RW,Right,,"$590,000"
820. Keven Veilleux,-,21,"Jun. 27, 1989",Canada,97,196,C,Right,,"$587,500"
821. Grant Lewis,-,25,"Jan. 20, 1985",United States,88,191,D,Right,,"$587,500"
822. Eric Selleck,-,22,"Oct. 20, 1987",Canada,86,185,C,Left,,"$587,500"
823. Matt Halischuk,-,22,"Jun. 1, 1988",Canada,85,180,RW,Right,,"$587,500"
824. Corey Tropp,-,21,"Jul. 25, 1989",United States,81,183,"RW, LW",Right,,"$586,667"
825. Colton Sceviour,-,21,"Apr. 20, 1989",Canada,86,183,"RW, C",Right,,"$585,833"
826. Steven Delisle,-,20,"Jul. 30, 1990",Canada,106,198,D,Right,,"$585,000"
827. Cody Almond,-,21,"Jul. 24, 1989",Canada,93,188,"C, LW",Left,,"$585,000"
828. Drew Schiestel,-,21,"Mar. 9, 1989",Canada,82,183,D,Right,,"$583,333"
829. Simon Danis-Pepin,-,22,"Apr. 11, 1988",Canada,107,203,D,Right,,"$583,333"
830. Matt Beleskey,-,22,"Jun. 7, 1988",Canada,94,183,LW,Left,,"$583,333"
831. Dan Kelly,-,21,"May 17, 1989",United States,80,183,LD,Left,,"$583,333"
832. Peter Harrold,-,27,"Jun. 8, 1983",United States,85,180,"RD, RW",Right,,"$583,333"
833. Scott Timmins,-,21,"Sep. 11, 1989",Canada,86,180,C,Left,,"$581,667"
834. Mark Barberio,-,20,"Mar. 23, 1990",Canada,91,185,LD,Left,,"$580,000"
835. Anthony Peluso,-,21,"Apr. 18, 1989",Canada,102,191,RW,Right,,"$580,000"
836. Tomas Kundratek,-,20,"Dec. 26, 1989",Czech Republic,91,188,C,Right,,"$579,167"
837. Dale Weise,-,22,"Aug. 5, 1988",Canada,93,188,"RW, LW",Right,,"$578,333"
838. Dylan Reese,-,26,"Aug. 29, 1984",United States,93,185,RD,Right,,"$577,500"
839. Tom Sestito,-,23,"Sep. 28, 1987",United States,103,196,LW,Left,,"$577,500"
840. Andrew Bodnarchuk,-,22,"Jul. 11, 1988",Canada,86,178,LD,Left,,"$577,500"
841. Alexander Urbom,-,19,"Dec. 20, 1990",Sweden,98,191,LD,Left,,"$576,667"
842. Lane MacDermid,-,21,"Aug. 25, 1989",United States,98,191,LW,Left,,"$576,667"
843. Chris Butler,-,23,"Oct. 27, 1986",United States,89,185,RD,Left,,"$576,667"
844. Chris DiDomenico,-,21,"Feb. 20, 1989",Canada,79,180,"C, RW",Right,,"$575,000"
845. Dan Sexton,-,23,"Apr. 29, 1987",United States,82,175,"LW, RW",Right,,"$575,000"
846. Raymond Sawada,-,Deceased (38),"Feb. 19, 1985",Canada,93,188,RW,Right,,"$575,000"
847. Wade Belak,-,Deceased (35),"Jul. 3, 1976",Canada,101,196,RW,Right,,"$575,000"
848. Andy Hilbert,-,29,"Feb. 6, 1981",United States,88,180,C,Left,,"$575,000"
849. Victor Oreskovich,-,24,"Aug. 15, 1986",Canada,98,191,RW,Right,,"$575,000"
850. Tim Brent,-,26,"Mar. 10, 1984",Canada,91,183,C,Right,,"$575,000"
851. Brad Staubitz,-,26,"Jul. 28, 1984",Canada,94,185,RW,Right,,"$575,000"
852. Maxim Noreau,-,23,"May 24, 1987",Canada,87,183,RD,Right,,"$575,000"
853. Adam Henrique,ANA,20,"Feb. 6, 1990",Canada,88,183,"LW, C",Left,,"$575,000"
854. Adam McQuaid,-,23,"Oct. 12, 1986",Canada,95,193,RD,Right,,"$575,000"
855. Dustin Tokarski,BUF,21,"Sep. 16, 1989",Canada,93,183,G,Left,,"$575,000"
856. Nate Guenin,-,27,"Dec. 10, 1982",United States,95,185,RD,Right,,"$575,000"
857. Matt Hendricks,-,29,"Jun. 17, 1981",United States,96,183,"RW, C, LW",Left,,"$575,000"
858. Patrice Cormier,-,20,"Jun. 14, 1990",Canada,98,188,C,Left,,"$575,000"
859. Brandon Kozun,-,20,"Mar. 8, 1990",United States,76,173,RW,Right,,"$575,000"
860. Andrew Crescenzi,-,18,"Jul. 29, 1992",Canada,90,193,C,Left,,"$574,999"
861. Brent Regner,-,21,"May 17, 1989",Canada,86,180,RD,Right,,"$573,333"
862. Braden Holtby,-,21,"Sep. 16, 1989",Canada,97,188,G,Left,,"$573,333"
863. Eric Gryba,-,22,"Apr. 14, 1988",Canada,101,193,RD,Right,,"$572,500"
864. Colton Jobke,-,18,"Apr. 20, 1992",Canada,82,183,D,Left,,"$571,667"
865. Curt Gogol,-,19,"Sep. 21, 1991",Canada,86,185,LW,Left,,"$571,667"
866. Gabriel Dumont,-,19,"Oct. 6, 1990",Canada,87,178,C,Right,,"$571,667"
867. Dustin Stevenson,-,21,"Aug. 12, 1989",Canada,98,191,LD,Left,,"$570,000"
868. Shawn Lalonde,-,20,"Mar. 10, 1990",Canada,93,185,RD,Right,,"$570,000"
869. Brandon Mashinter,-,22,"Sep. 20, 1988",Canada,96,193,LW,Left,,"$569,167"
870. Nigel Williams,-,22,"Apr. 18, 1988",United States,108,196,D,Left,,"$568,333"
871. Dwight King,-,21,"Jul. 5, 1989",Canada,105,193,"LW, RW",Left,,"$566,667"
872. TJ Brodie,TOR,20,"Jun. 7, 1990",Canada,84,185,LD/RD,Left,,"$566,667"
873. Jared Staal,-,20,"Aug. 21, 1990",Canada,95,191,RW,Right,,"$566,666"
874. George Holloway,-,22,"Mar. 1, 1988",Canada,91,183,RW,Right,,"$565,000"
875. Luke Walker,-,20,"Feb. 19, 1990",United States,80,185,RW,Right,,"$563,333"
876. Sebastien Piche,-,22,"Feb. 4, 1988",Canada,92,183,D,Left,,"$563,333"
877. Lance Bouma,-,20,"Mar. 25, 1990",Canada,94,188,"C, LW, RW",Left,,"$563,333"
878. Cal O'Reilly,-,24,"Sep. 30, 1986",Canada,87,183,C,Left,,"$562,500"
879. Chris Porter,-,26,"May 29, 1984",Canada,93,185,LW,Left,,"$562,500"
880. Derek Dorsett,-,23,"Dec. 20, 1986",Canada,87,183,RW,Right,,"$562,500"
881. Alex Grant,-,21,"Jan. 20, 1989",Canada,93,193,RD,Right,,"$561,667"
882. Michael Sgarbossa,WSH,18,"Jul. 25, 1992",Canada,84,183,C,Left,,"$561,666"
883. Carter Hutton,-,24,"Dec. 19, 1985",Canada,92,183,G,Left,,"$560,000"
884. Matt Fraser,-,20,"May 20, 1990",Canada,92,185,"RW, LW",Left,,"$560,000"
885. Mitch Callahan,-,19,"Aug. 17, 1991",United States,86,183,RW,Right,,"$558,333"
886. Keith Aulie,-,21,"Jun. 11, 1989",Canada,97,198,D,Left,,"$558,333"
887. Luke Gazdic,-,21,"Jul. 25, 1989",Canada,102,193,LW,Left,,"$558,333"
888. Zack Smith,-,22,"Apr. 5, 1988",Canada,94,188,"LW, C",Left,,"$558,333"
889. Wayne Simmonds,-,22,"Aug. 26, 1988",Canada,84,188,"RW, LW",Right,,"$556,667"
890. Andrew Campbell,-,22,"Feb. 4, 1988",Canada,93,193,LD,Left,,"$555,000"
891. Paul Byron,-,21,"Apr. 27, 1989",Canada,72,175,"LW, RW",Left,,"$555,000"
892. J.P. Anderson,-,18,"Apr. 27, 1992",Canada,79,180,G,Right,,"$553,333"
893. Dave Scatchard,-,34,"Feb. 20, 1976",Canada,101,191,C,Right,,"$550,000"
894. Steve Begin,-,32,"Jun. 14, 1978",Canada,87,183,C,Left,,"$550,000"
895. Danny Richmond,-,26,"Aug. 1, 1984",United States,86,185,D,Left,,"$550,000"
896. Sergei Kostitsyn,-,23,"Mar. 20, 1987",Belarus,96,183,"RW, LW",Left,,"$550,000"
897. Matt Lashoff,-,24,"Sep. 29, 1986",United States,93,188,D,Left,,"$550,000"
898. Matt D'Agostini,-,23,"Oct. 23, 1986",Canada,90,185,RW,Right,,"$550,000"
899. Tim Jackman,-,28,"Nov. 14, 1981",United States,95,193,RW,Right,,"$550,000"
900. Derek Smith,-,25,"Oct. 13, 1984",Canada,91,188,LD,Left,,"$550,000"
901. Bracken Kearns,-,29,"May 12, 1981",Canada,88,183,C,Left,,"$550,000"
902. Marc-Antoine Pouliot,-,25,"May 22, 1985",Canada,92,188,C,Right,,"$550,000"
903. Colin Stuart,-,28,"Jul. 8, 1982",United States,93,188,LW,Left,,"$550,000"
904. Blair Jones,-,24,"Sep. 27, 1986",Canada,95,191,C,Right,,"$550,000"
905. Joey MacDonald,-,30,"Feb. 7, 1980",Canada,89,183,G,Left,,"$550,000"
906. André Benoît,-,26,"Jan. 6, 1984",Canada,87,180,LD,Left,,"$550,000"
907. Mike Weber,-,22,"Dec. 16, 1987",United States,96,188,LD,Left,,"$550,000"
908. David Desharnais,-,24,"Sep. 14, 1986",Canada,78,170,C,Left,,"$550,000"
909. Rich Clune,-,23,"Apr. 25, 1987",Canada,94,178,LW,Left,,"$550,000"
910. Andrew MacDonald,-,24,"Sep. 7, 1986",Canada,93,185,RD,Left,,"$550,000"
911. John McCarthy,-,24,"Aug. 9, 1986",United States,88,185,LW,Left,,"$550,000"
912. Tim Kennedy,-,24,"Apr. 30, 1986",United States,81,178,LW,Left,,"$550,000"
913. Chris Conner,-,26,"Dec. 23, 1983",United States,79,173,RW,Left,,"$550,000"
914. Frédéric St-Denis,-,24,"Jan. 23, 1986",Canada,86,180,D,Left,,"$550,000"
915. Cedrick Desjardins,-,25,"Sep. 30, 1985",Canada,87,183,G,Right,,"$550,000"
916. David Schlemko,-,23,"May 7, 1987",Canada,87,185,LD,Left,,"$550,000"
917. Aaron Johnson,-,27,"Apr. 30, 1983",Canada,94,185,D,Left,,"$550,000"
918. Craig Adams,-,33,"Mar. 26, 1977",Brunei Darussalam,91,183,RW,Right,,"$550,000"
919. Thomas Greiss,-,24,"Jan. 29, 1986",Germany,105,188,G,Left,,"$550,000"
920. Grant Clitsome,-,25,"Apr. 14, 1985",Canada,95,180,LD,Left,,"$550,000"
921. Trevor Smith,-,25,"Feb. 8, 1985",Canada,88,185,C,Left,,"$550,000"
922. Clayton Stoner,-,25,"Feb. 19, 1985",Canada,98,193,LD,Left,,"$550,000"
923. James Reimer,DET,22,"Mar. 15, 1988",Canada,100,188,G,Left,,"$546,667"
924. Chris Breen,-,21,"Jun. 29, 1989",Canada,101,201,LD,Left,,"$545,000"
925. Brandon Bollig,-,23,"Jan. 31, 1987",United States,101,188,LW,Left,,"$545,000"
926. Frazer McLaren,-,22,"Oct. 29, 1987",Canada,102,193,LW,Left,,"$543,333"
927. Jason Demers,-,22,"Jun. 9, 1988",Canada,88,185,RD,Right,,"$543,333"
928. Mark Fayne,-,23,"May 15, 1987",United States,96,191,RD,Right,,"$542,500"
929. Keith Seabrook,-,22,"Aug. 2, 1988",Canada,90,183,D,Right,,"$541,667"
930. Jeff Frazee,-,23,"May 13, 1987",United States,86,183,G,Left,,"$541,667"
931. Bryan Bickell,-,24,"Mar. 9, 1986",Canada,101,193,LW,Left,,"$541,667"
932. Mark Cundari,-,20,"Apr. 23, 1990",Canada,81,175,LD,Left,,"$541,667"
933. Zac Rinaldo,-,20,"Jun. 15, 1990",Canada,87,178,LW,Left,,"$540,000"
934. Brandon Anderson,-,18,"Jul. 13, 1992",Canada,85,183,G,Left,,"$540,000"
935. Kaspars Daugavins,-,22,"May 18, 1988",Latvia,97,183,"C, LW",Left,,"$537,500"
936. Mike Brown,-,25,"Jun. 24, 1985",United States,93,180,RW,Right,,"$537,500"
937. Steven Pinizzotto,-,26,"Apr. 26, 1984",Canada,91,185,RW,Right,,"$537,500"
938. Nick Palmieri,-,21,"Jul. 12, 1989",United States,102,188,RW,Right,,"$536,667"
939. Curtis McElhinney,-,27,"May 23, 1983",Canada,93,185,G,Left,,"$535,000"
940. Robert Bortuzzo,STL,21,"Mar. 18, 1989",Canada,98,193,RD,Right,,"$535,000"
941. Brett Bellemore,-,22,"Jun. 25, 1988",Canada,102,193,D,Right,,"$533,333"
942. Jordan Nolan,-,21,"Jun. 23, 1989",Canada,99,191,LW,Left,,"$531,667"
943. Andrew Kozek,-,24,"May 26, 1986",Canada,88,180,LW,Left,,"$531,250"
944. Hubert Labrie,-,19,"Jul. 12, 1991",Canada,86,180,D,Left,,"$530,000"
945. Patrick Maroon,MIN,22,"Apr. 23, 1988",United States,107,188,"LW, RW",Left,,"$528,333"
946. Alex Biega,-,22,"Apr. 4, 1988",Canada,90,178,RD,Right,,"$527,500"
947. Jared Spurgeon,MIN,20,"Nov. 29, 1989",Canada,76,175,RD,Right,,"$526,667"
948. Martin Jones,TOR,20,"Jan. 10, 1990",Canada,86,193,G,Left,,"$526,667"
949. Matt Smaby,-,25,"Oct. 14, 1984",United States,104,198,D,Left,,"$525,000"
950. Noah Welch,-,28,"Aug. 26, 1982",United States,100,193,LD,Left,,"$525,000"
951. Jaime Sifers,-,27,"Jan. 18, 1983",United States,93,180,D,Right,,"$525,000"
952. Dany Sabourin,-,30,"Sep. 2, 1980",Canada,91,191,G,Left,,"$525,000"
953. Pierre-Luc Letourneau-Leblond,-,25,"Jun. 4, 1985",Canada,95,188,RW,Left,,"$525,000"
954. Brett Festerling,-,24,"Mar. 3, 1986",Canada,94,185,D,Left,,"$525,000"
955. Kevin Westgarth,-,26,"Feb. 7, 1984",Canada,104,193,RW,Right,,"$525,000"
956. Ryan Wilson,-,23,"Feb. 3, 1987",Canada,93,185,LD,Left,,"$525,000"
957. Joel Rechlicz,-,23,"Jun. 14, 1987",United States,100,193,RW,Right,,"$525,000"
958. Brian Lashoff,-,20,"Jul. 16, 1990",United States,99,191,LD,Left,,"$525,000"
959. Frans Nielsen,-,26,"Apr. 24, 1984",Denmark,84,185,"C, LW",Left,,"$525,000"
960. Jack Hillen,-,24,"Jan. 24, 1986",United States,86,178,D,Left,,"$525,000"
961. Ryan Reaves,TOR,23,"Jan. 20, 1987",Canada,102,188,RW,Right,,"$525,000"
962. Justin Peters,-,24,"Aug. 30, 1986",Canada,95,185,G,Left,,"$525,000"
963. Joey Crabb,-,27,"Apr. 3, 1983",United States,86,185,RW,Right,,"$525,000"
964. Brian Boyle,-,25,"Dec. 18, 1984",United States,111,198,"LW, C",Left,,"$525,000"
965. Ben Lovejoy,-,26,"Feb. 20, 1984",United States,93,185,RD,Right,,"$525,000"
966. Scott Jackson,-,23,"Feb. 5, 1987",Canada,96,193,D,Left,,"$521,667"
967. Tom Fritsche,-,24,"Sep. 30, 1986",United States,84,180,LW,Left,,"$516,667"
968. Brian McGrattan,-,29,"Sep. 2, 1981",Canada,104,193,RW,Right,,"$515,000"
969. Doug Janik,-,30,"Mar. 26, 1980",United States,96,188,D,Left,,"$512,500"
970. Stefan Meyer,-,25,"Jul. 20, 1985",Canada,91,188,LW,Left,,"$512,500"
971. Matt Kassian,-,23,"Oct. 28, 1986",Canada,107,193,C,Left,,"$512,500"
972. Stephen Gionta,-,26,"Oct. 9, 1983",United States,80,170,"C, RW",Right,,"$512,500"
973. John Scott,-,28,"Sep. 26, 1982",Canada,115,201,"LW, D",Left,,"$512,500"
974. Jay Rosehill,-,25,"Jul. 16, 1985",Canada,98,191,LW,Left,,"$512,500"
975. Joe Vitale,-,25,"Aug. 20, 1985",United States,93,180,"C, RW",Right,,"$512,500"
976. Mike Moore,-,25,"Dec. 12, 1984",Canada,91,185,LD,Left,,"$512,500"
977. Jay Beagle,-,24,"Oct. 16, 1985",Canada,95,191,C,Right,,"$512,500"
978. Joel Perrault,-,27,"Apr. 6, 1983",Canada,96,188,C,Right,,"$510,000"
979. Matt Taormina,-,23,"Oct. 20, 1986",United States,85,178,LD,Left,,"$510,000"
980. Dustin Jeffrey,-,22,"Feb. 27, 1988",Canada,93,185,C,Left,,"$508,333"
981. Brad Mills,-,27,"May 3, 1983",Canada,88,183,C,Right,,"$505,000"
982. Jassen Cullimore,-,37,"Dec. 4, 1972",Canada,108,196,LD,Left,,"$500,000"
983. Andrew Peters,-,30,"May 5, 1980",Canada,112,193,LW,Left,,"$500,000"
984. Brett Carson,-,24,"Nov. 29, 1985",Canada,95,193,D,Right,,"$500,000"
985. Derek Meech,-,26,"Apr. 21, 1984",Canada,91,180,D,Left,,"$500,000"
986. Derek Joslin,-,23,"Mar. 17, 1987",Canada,95,185,LD,Left,,"$500,000"
987. Henrik Karlsson,-,26,"Nov. 27, 1983",Sweden,98,198,G,Left,,"$500,000"
988. Michael Sauer,-,23,"Aug. 7, 1987",United States,97,191,D,Right,,"$500,000"
989. Hugh Jessiman,-,26,"Mar. 28, 1984",United States,105,198,RW,Right,,"$500,000"
990. Jeremy Colliton,-,25,"Jan. 13, 1985",Canada,91,191,C,Right,,"$500,000"
991. David Liffiton,-,25,"Oct. 18, 1984",Canada,95,191,D,Left,,"$500,000"
992. Dane Byers,-,24,"Feb. 21, 1986",Canada,93,191,LW,Left,,"$500,000"
993. Mike Comrie,-,30,"Sep. 11, 1980",Canada,84,178,C,Left,,"$500,000"
994. Ryan Hollweg,-,27,"Apr. 23, 1983",United States,98,180,LW,Left,,"$500,000"
995. Jason Williams,-,30,"Aug. 11, 1980",Canada,87,180,RW,Right,,"$500,000"
996. Craig Conroy,-,39,"Sep. 4, 1971",United States,88,188,C,Right,,"$500,000"
997. Nick Boynton,-,31,"Jan. 14, 1979",Canada,99,188,RD,Right,,"$500,000"
998. Shane Hnidy,-,34,"Nov. 8, 1975",Canada,92,188,RD,Right,,"$500,000"
999. Tom Pyatt,-,23,"Feb. 14, 1987",Canada,84,180,C,Left,,"$500,000"
1000. Martin Gerber,-,36,"Sep. 3, 1974",Switzerland,93,180,G,Left,,"$500,000"
1001. Jeff Tambellini,-,26,"Apr. 13, 1984",Canada,87,180,LW,Left,,"$500,000"
1002. Marc-Andre Gragnani,-,23,"Mar. 11, 1987",Canada,91,188,LD,Left,,"$500,000"
1003. Justin Pogge,-,24,"Apr. 22, 1986",Canada,89,191,G,Left,,"$500,000"
1004. Ryan Stone,-,25,"Mar. 20, 1985",Canada,90,188,LW,Left,,"$500,000"
1005. Brett Sutter,-,23,"Jun. 2, 1987",Canada,91,183,"LW, C",Left,,"$500,000"
1006. John Curry,-,26,"Feb. 27, 1984",United States,84,180,G,Left,,"$500,000"
1007. Andrew Gordon,-,24,"Dec. 13, 1985",Canada,88,183,RW,Right,,"$500,000"
1008. Drew MacIntyre,-,27,"Jun. 24, 1983",Canada,83,183,G,Left,,"$500,000"
1009. Mike McKenna,-,27,"Apr. 11, 1983",United States,83,188,G,Right,,"$500,000"
1010. Patrick McNeill,-,23,"Mar. 17, 1987",Canada,91,183,D,Left,,"$500,000"
1011. Alexandre Bolduc,-,25,"Jun. 26, 1985",Canada,91,191,C,Left,,"$500,000"
1012. Micheal Haley,-,24,"Mar. 30, 1986",Canada,92,180,C,Left,,"$500,000"
1013. Mark Fraser,-,24,"Sep. 29, 1986",Canada,100,193,D,Left,,"$500,000"
1014. Tim Sestito,-,26,"Aug. 28, 1984",United States,91,180,LW,Left,,"$500,000"
1015. Cody McCormick,-,27,"Apr. 18, 1983",Canada,101,188,"C, RW, LW",Right,,"$500,000"
1016. Patrick Dwyer,-,27,"Jun. 22, 1983",United States,79,180,RW,Right,,"$500,000"
1017. Ray Emery,-,Deceased (35),"Sep. 28, 1982",Canada,89,188,G,Left,,"$500,000"
1018. Adam Cracknell,-,25,"Jul. 15, 1985",Canada,95,191,RW,Right,,"$500,000"
1019. Cody Bass,-,23,"Jan. 7, 1987",Canada,93,183,C,Right,,"$500,000"
1020. Ryan Craig,-,28,"Jan. 6, 1982",Canada,96,188,C,Left,,"$500,000"
1021. Mark Letestu,-,25,"Feb. 4, 1985",Canada,88,178,"C, RW",Right,,"$500,000"
1022. David Van Der Gulik,-,27,"Apr. 20, 1983",Canada,78,178,LW,Left,,"$500,000"
1023. Troy Bodie,-,25,"Jan. 25, 1985",Canada,102,196,RW,Right,,"$500,000"
1024. Chris Mueller,-,24,"Mar. 6, 1986",United States,95,180,C,Right,,"$500,000"
1025. Corey Potter,-,26,"Jan. 5, 1984",United States,93,191,RD,Right,,"$500,000"
1026. Deryk Engelland,-,28,"Apr. 3, 1982",Canada,96,188,RD,Right,,"$500,000"
1027. Mike Angelidis,-,25,"Jun. 27, 1985",Canada,96,185,LW,Left,,"$500,000"
1028. Travis Morin,-,26,"Jan. 9, 1984",United States,86,188,C,Left,,"$500,000"
1029. Ryan Hamilton,-,25,"Apr. 15, 1985",Canada,99,188,LW,Left,,"$500,000"
1030. Rob Klinkhammer,-,24,"Aug. 12, 1986",Canada,97,191,"LW, RW, C",Left,,"$500,000"
1031. Andrew Ebbett,-,27,"Jan. 2, 1983",Canada,79,175,C,Left,,"$500,000"
1032. Nick Drazenovic,-,23,"Jan. 14, 1987",Canada,87,183,C,Left,,"$500,000"
1033. Jay Harrison,-,27,"Nov. 3, 1982",Canada,95,193,LD,Left,,"$500,000"
1034. Jiri Tlusty,-,22,"Mar. 16, 1988",Czech Republic,90,183,C,Left,,"$500,000"
1035. David Leggio,-,26,"Jul. 31, 1984",United States,85,183,G,Left,,"$500,000"
1036. Andrew Desjardins,-,24,"Jul. 27, 1986",Canada,88,185,C,Left,,"$500,000"
1037. Garnet Exelby,-,29,"Aug. 16, 1981",Canada,97,185,D,Left,,$0
